id,sample,area,segment,rwdirusa,rwdiril,rwdirlocal,app_gov_quin,gun_own,gun_sales,gun_highcap,gun_arifle,gun_handgun,gun_backgrd,schoolgrd,schoolgrd_tax,gun_conceal_secamd,gun_conceal_expt,redist_hat,redist_neutral,redist_commis,cola_freeze,cola_25K,cola_67,pen_full_to_67,pen_hc_to_67,pen_school_pay,fix_deficit_il,tax_inc_temp,tax_services,gamble_exp,med_mj,abort_leg,lg_rights,education,ideology,party_aff_org,prim_dem_gov,prim_rep_gov,employ_time,employ_type,retired_type,union_mem,religion,born_again,zip,birth_yr,age,rac_eth1,hhinc1,gender,party,party_aff1,Generation,hhinc,party_aff,rac_eth
000027,1,2,2,2,2,1,3,2,1,1,1,9,1,2, ,2, ,3,2,1,3,2,2,2,2,3,1,1,1,1,1,1,1,3,1,3,9, ,2,1, ,2,2, ,60202,1973,3,5,3,2,1,1,3,1,1,3
000181,1,2,2,3,2,1,4,2,1,1,1,2,1,2, ,2, ,9,9,1,1,4,1,1,1,9,2,2,2,2,3,3,3,4,3,7, ,2,3, ,1,2,1,1,60439,1934,7,1,3,1,3,3,1,1,3,1
000243,1,2,2,1,2,1,5,1,3,1,1,2,1,1,1,1,1,4,1,2,4,1,1,4,4,1,2,2,1,1,1,1,3,5,1,1,2, ,3, ,4,1,1,1,60628,1940,6,2,4,1,1,1,1,2,1,2
000343,1,2,2,2,2,2,5,1,2,2,2,2,9,2, ,9, ,4,4,2,1,4,4,4,4,4,5,2,2,2,2,3,2,5,9,9, , ,3, ,5,2,2, ,60439,0,9,1,3,1, ,9,0,1,9,1
000170,1,1,1,3,2,2,9,2,1,1,1,1,1,1,1,9, ,9,9,3,9,9,2,3,3,9,2,2,2,2,3,2,1,3,9,2,9, ,4, , ,2,3, ,60616,1993,1,3,1,2,1,1,4,1,1,3
000206,1,1,1,1,2,1,5,2,3,9,2,2,1,1,9,1,1,3,2,1,3,9,2,3,3,3,5,1,2,2,3,2,2,6,2,6, ,2,3, ,4,1,1,2,60611,1937,7,1,6,1,3,3,1,3,3,1
000189,1,3,3,2,2,1,5,1,1,9,9,2,1,9, ,9, ,9,2,3,2,2,2,3,2,9,2,3,2,2,2,3,2,3,3,6, ,10,3, ,4,2,1,2,62035,1933,7,1,2,2,3,3,1,1,3,1
000251,1,3,3,1,2,2,5,1,1,2,2,1,1,1,1,2, ,4,2,2,3,3,3,1,1,2,2,2,1,2,3,2,2,2,3,4, , ,3, ,9,1,1,2,63510,1947,6,1,2,2,2,2,2,1,2,1
000076,1,2,2,1,2,1,5,2,1,1,1,1,1,9, ,2, ,4,9,1,9,9,1,1,1,9,3,3,3,3,1,1,1,6,1,4, , ,1,5, ,2,1,2,60613,1958,4,1,6,2,2,2,2,3,2,1
000205,1,2,2,2,2,1,5,1,3,2,2,2,1,2, ,1,2,4,1,1,1,1,1,1,1,3,2,2,2,2,3,2,2,5,3,7, ,6,2,4, ,1,1,2,60449,1960,4,1,4,2,3,3,2,2,3,1
000299,1,2,2,2,2,1,5,1,2,1,1,2,1,1,2,1,1,4,1,1,1,9,1,1,1,1,2,2,2,2,1,3,2,5,3,5, ,10,3, ,1,2,1,2,60045,1932,7,1,2,1,3,3,1,1,3,1
000096,1,2,2,2,2,1,2,1,3,2,2,2,1,2, ,1,1,4,1,2,3,4,4,4,4,3,2,2,2,2,3,3,3,3,3,7, ,10,2,1, ,2,1,1,60185,1993,1,1,1,2,3,3,4,1,3,1
000184,1,2,2,3,2,1,4,2,1,1,2,1,1,1,2,2, ,4,1,3,1,4,4,1,1,9,2,1,2,1,4,2,1,2,9,1,3, ,3, ,1,2,1,2,44442,1930,7,2,9,1,1,1,1,9,1,2
000313,1,2,2,2,2,1,2,2,1,2,1,1,1,1,1,2, ,4,1,2,4,2,1,4,4,1,2,2,2,2,4,2,1,6,3,2,3, ,1,3, ,2,2, ,60015,1949,5,1,7,2,1,1,2,4,1,1
000012,1,3,3,2,2,2,5,1,3,2,2,2,1,1,2,1,1,4,1,1,4,4,4,4,4,4,2,2,2,1,4,2,3,2,3,9, , ,3, ,5,2,1,2,61956,1934,7,1,3,1, ,9,1,1,9,1
000094,1,3,3,1,2,2,4,1,1,1,1,9,1,9, ,1,9,4,2,1,4,4,4,3,2,4,2,1,2,2,4,2,2,6,2,1,9, ,3, ,3,2,1,1,62052,1944,6,1,6,1,1,1,1,3,1,1
000203,1,3,3,1,2,1,9,2,1,2,1,1,1,9, ,9, ,3,2,2,2,2,2,3,1,3,3,2,1,2,4,2,1,1,9,1,2, ,3, ,1,2,2, ,60442,1928,7,1,9,2,1,1,1,9,1,1
000336,1,3,3,1,2,1,4,9,9,1,9,2,1,2, ,2, ,3,2,1,9,2,1,2,2,3,2,1,2,2,2,2,2,5,1,2,3, ,3, ,1,2,1,1,62951,1933,7,1,4,1,1,1,1,2,1,1
000004,1,1,1,1,1,1,2,2,1,1,1,1,1,2, ,2, ,4,1,1,3,9,2,2,3,2,3,3,1,1,1,1,1,5,1,1,9, ,4, , ,2,2, ,60610,1950,5,1,3,2,1,1,2,1,1,1
000021,1,1,1,1,2,3,2,2,1,2,1,1,1,2, ,2, ,4,2,1,4,1,4,1,4,4,1,1,2,2,1,2,1,6,2,2,1, ,3, ,1,2,3, ,60610,1932,7,1,6,1,1,1,1,3,1,1
000075,1,1,1,2,2,2,9,2,1,2,2,9,1,2, ,9, ,3,9,1,9,3,3,3,3,9,1,1,1,2,1,1,1,5,1,4, , ,2,5, ,2,3, ,60614,1986,2,1,5,2,2,2,4,2,2,1
000177,1,1,1,1,2,1,2,2,1,2,1,1,1,9, ,2, ,4,2,1,4,4,4,2,2,4,2,2,2,1,4,1,1,2,2,1,2, ,3, ,1,2,1,2,60616,1946,6,1,7,2,1,1,1,4,1,1
000320,1,1,1,1,2,1,1,9,1,1,1,1,1,2, ,2, ,4,1,2,4,1,3,4,4,2,1,1,1,1,1,1,2,4,1,1,1, ,1,1, ,2,1,2,60605,1959,4,2,4,1,1,1,2,2,1,2
000166,1,2,2,1,2,1,2,2,1,1,1,2,1,2, ,2, ,2,2,1,4,4,4,4,4,4,2,2,1,1,2,1,1,6,1,1,9, ,1,3, ,1,1,2,60021,0,9,1,7,2,1,1,0,4,1,1
000272,1,2,2,1,1,1,1,1,1,1,1,2,2,2, ,9, ,4,9,3,4,4,3,3,2,4,4,3,2,3,9,2,1,3,2,9, , ,3, ,1,2,1,2,60645,1929,7,1,9,1, ,9,1,9,9,1
000396,1,2,2,2,2,2,4,1,1,1,9,2,1,9, ,1,2,4,4,2,2,9,2,9,1,1,2,1,2,1,1,4,1,3,3,9, , ,3, ,5,2,2, ,99999,1937,7,1,9,1, ,9,1,9,9,1
000018,1,3,3,2,2,2,5,9,1,1,9,2,1,1,9,1,1,4,9,2,1,2,4,4,2,2,2,2,1,2,1,3,3,2,9,5, ,10,1,1, ,2,1,1,61108,0,9,1,9,1,3,3,0,9,3,1
000164,1,3,3,2,2,3,5,1,1,2,2,2,1,1,1,1,1,9,1,1,1,9,4,4,4,4,3,1,2,1,1,2,2,5,2,4, , ,1,2, ,2,3, ,62501,1954,5,1,5,2,2,2,2,2,2,1
000218,1,3,3,2,2,2,3,9,1,1,2,2,1,1,9,2, ,4,1,3,1,1,1,1,1,9,3,3,2,3,9,4,4,2,9,1,9, ,3, ,9,2,1,2,61448,1944,6,1,4,1,1,1,1,2,1,1
000319,1,3,3,3,1,1,9,1,9,1,2,9,2,9, ,9, ,9,2,2,9,2,4,9,9,4,5,3,2,1,2,2,4,5,3,7, ,10,3, ,9,2,1,2,61571,1931,7,1,9,2,3,3,1,9,3,1
200097,2,1,4,1,1,1,2,2,1,1,1,1,1,2, ,2, ,4,1,1,4,4,4,2,2,2,2,2,2,1,2,1,1,3,1,1,9, ,3, ,1,2,1,2,60649,1950,5,2,5,2,1,1,2,2,1,2
200492,2,1,4,1,3,2,2,2,1,1,1,1,1,2, ,2, ,4,2,3,9,4,3,3,4,3,1,3,2,2,1,1,1,6,1,2,9, ,3, ,5,2,3, ,60642,1944,6,1,6,1,1,1,1,3,1,1
200232,2,2,5,2,3,1,2,1,3,2,2,2,1,1,2,1,1,2,4,2,4,3,1,2,2,1,2,2,2,1,1,2,1,4,1,2,3, ,1,1, ,1,3, ,60804,1989,1,5,1,1,1,1,4,1,1,3
200404,2,2,5,3,2,2,2,9,2,2,2,1,1,1,2,2, ,3,3,2,4,3,4,4,1,3,2,1,2,2,4,1,3,5,3,7, ,10,1,2, ,1,1,2,60706,1969,3,1,2,2,3,3,3,1,3,1
200613,2,2,5,1,1,1,2,9,3,1,2,2,1,2, ,2, ,2,1,1,3,2,2,4,3,2,1,1,1,1,2,1,1,2,2,3,1, ,1,1, ,2,1,2,60110,1955,5,1,4,1,1,1,2,2,1,1
200233,2,2,5,2,2,1,5,1,1,1,1,2,1,2, ,2, ,3,3,1,3,3,2,2,2,2,2,1,2,2,3,3,3,5,3,7, ,3,1,9, ,2,1,2,60047,1982,2,1,5,2,3,3,3,2,3,1
200463,2,2,5,1,2,2,2,1,3,2,2,2,1,1,2,1,1,3,3,2,3,3,3,3,3,2,4,2,1,1,1,2,3,3,3,2,1, ,2,9, ,2,1,2,60642,1989,1,2,4,1,1,1,4,2,1,2
200234,2,2,5,2,2,1,5,1,3,9,1,2,1,9, ,2, ,4,2,1,4,2,2,4,2,9,2,2,3,1,2,3,2,3,3,7, ,10,2,2, ,2,1,1,60030,1959,4,1,6,2,3,3,2,3,3,1
200530,2,2,5,2,1,2,2,1,1,1,1,1,1,1,1,1,1,4,1,2,4,4,1,4,4,9,2,1,2,1,1,1,1,2,2,1,1, ,4, , ,2,2, ,60621,1959,4,2,3,2,1,1,2,1,1,2
200006,2,3,6,1,3,1,2,2,1,1,2,2,1,1,1,1,2,2,1,1,1,4,2,4,1,1,5,2,1,1,1,2,1,3,2,9, , ,1,9, ,1,2, ,62254,1969,3,1,5,1, ,9,3,2,9,1
200150,2,3,6,1,2,3,1,1,1,2,2,1,1,1,1,2, ,1,1,1,4,3,4,4,4,3,2,2,1,1,1,1,4,2,9,1,1, ,1,9, ,2,2, ,62863,1967,4,1,9,1,1,1,3,9,1,1
200453,2,3,6,2,2,2,1,1,3,2,2,2,1,2, ,2, ,2,4,1,3,4,1,4,4,1,2,2,1,2,1,3,1,3,1,4, , ,1,2, ,2,3, ,99999,1954,5,1,2,1,2,2,2,1,2,1
200507,2,3,6,2,2,2,5,9,9,1,1,1,1,1,1,2, ,4,3,1,4,4,4,4,4,2,2,2,1,2,9,2,2,3,9,4, , ,4, , ,2,1,2,61032,1961,4,1,1,2,2,2,2,1,2,1
200223,2,3,6,2,2,2,5,1,3,9,2,2,1,1,1,1,1,4,1,1,1,2,4,4,4,3,2,3,2,1,4,1,3,3,2,6, ,1,1,1, ,2,3, ,62882,1956,5,1,4,1,3,3,2,2,3,1
200452,2,3,6,1,1,1,2,2,1,1,1,1,1,2, ,2, ,2,3,2,1,4,4,4,4,4,2,1,1,1,2,1,3,2,1,5, ,8,1,3, ,2,3, ,61081,1970,3,1,1,2,3,3,3,1,3,1
200186,2,2,5,3,1,1,3,2,1,1,1,1,1,2, ,2, ,4,1,1,4,4,2,3,4,4,3,1,1,2,1,1,1,5,1,1,3, ,1,5, ,2,1,2,60640,1967,4,1,4,2,1,1,3,2,1,1
200053,2,2,5,1,2,1,4,2,1,1,1,2,1,2, ,2, ,4,1,1,4,4,4,4,4,4,2,1,1,1,1,1,1,6,1,1,3, ,3, ,4,1,3, ,60143,1949,5,1,7,1,1,1,2,4,1,1
200351,2,2,5,2,2,1,2,2,1,2,1,2,1,2, ,1,1,3,1,1,1,1,1,1,1,1,2,2,2,1,2,2,2,6,2,6, ,10,2,3, ,2,1,2,60540,1972,3,1,6,2,3,3,3,3,3,1
200445,2,1,4,1,2,2,2,2,1,2,1,1,1,1,1,9, ,4,2,2,2,4,2,4,4,9,2,1,2,2,2,2,1,2,1,1,1, ,1,1, ,2,1,2,60623,1985,2,4,1,2,1,1,4,1,1,3
200587,2,1,4,1,2,1,4,9,3,1,1,2,1,2, ,2, ,3,2,1,1,3,2,2,1,3,3,1,2,1,1,2,1,6,1,1,3, ,1,5, ,2,1,2,60643,1971,3,1,6,1,1,1,3,3,1,1
000545,1,1,1,1,2,2,4,2,1,1,1,2,2,1,1,1,1,2,1,1,4,2,4,4,4,4,2,1,1,2,1,1,2,5,1,1,1, ,1,4, ,1,1,2,60608,1954,5,2,6,2,1,1,2,3,1,2
000597,1,1,1,1,2,1,2,2,1,1,1,2,1,2, ,2, ,4,2,1,4,1,2,2,2,4,3,1,1,1,1,1,1,5,1,1,1, ,1,5, ,2,2, ,60614,1948,5,1,7,1,1,1,2,4,1,1
001273,1,1,1,1,2,1,4,2,1,1,1,1,1,2, ,2, ,9,9,3,3,1,1,2,3,4,3,3,1,2,1,1,1,6,1,1,2, ,3, ,9,1,1,2,60611,1934,7,1,3,2,1,1,1,1,1,1
001424,1,1,1,3,2,1,5,2,1,2,2,2,1,2, ,1,1,4,9,2,2,2,3,1,1,1,3,1,2,2,2,1,2,5,2,4, , ,2,5, ,2,1,2,60610,1957,5,1,5,2,2,2,2,2,2,1
001537,1,1,1,1,1,1,3,9,1,1,1,1,1,1,1,1,1,3,9,2,4,4,4,4,4,4,1,1,1,1,1,4,4,2,3,1,1, ,3, ,2,1,1,1,60621,1937,7,2,3,1,1,1,1,1,1,2
001705,1,3,3,1,2,1,5,2,1,2,1,2,1,2, ,2, ,4,1,1,2,3,1,2,1,2,2,2,2,2,4,1,1,3,1,5, ,9,2,2, ,2,1,2,62075,1955,5,1,6,2,3,3,2,3,3,1
001760,1,3,3,2,2,1,4,1,1,1,2,1,1,1,1,2, ,9,2,1,1,9,4,4,4,9,2,2,1,1,4,2,2,3,2,6, ,2,3, ,3,2,1,2,61546,1950,5,1,4,1,3,3,2,2,3,1
000808,1,1,1,2,2,2,5,2,1,1,1,2,1,2, ,1,2,3,1,1,1,2,3,1,1,2,2,2,2,1,4,2,2,5,3,6, ,10,3, ,1,2,1,2,60610,1937,7,1,6,1,3,3,1,3,3,1
000923,1,1,1,1,1,1,2,1,1,1,1,2,1,1,1,1,1,1,4,2,4,4,1,1,1,1,1,1,2,1,1,2,2,6,2,1,3, ,1,5, ,2,1,1,60610,1936,7,1,6,1,1,1,1,3,1,1
001080,1,2,2,2,2,1,2,2,2,1,2,2,1,1,1,2, ,4,1,1,3,2,1,1,1,2,3,1,1,1,1,1,1,5,1,2,3, ,1,1, ,2,2, ,60645,1966,4,1,6,1,1,1,3,3,1,1
001341,1,2,2,2,2,2,5,2,1,1,2,1,1,1,1,1,1,4,1,1,4,1,4,4,4,1,2,1,2,2,1,2,1,4,1,5, ,10,1,4, ,1,1,1,60646,1959,4,4,4,2,3,3,2,2,3,3
001487,1,2,2,1,3,1,3,2,1,1,9,9,9,2, ,9, ,3,9,3,2,9,2,3,3,2,1,1,2,2,3,2,2,5,1,4, , ,3, ,1,2,1,2,60613,1918,7,1,2,2,2,2,1,1,2,1
001710,1,2,2,1,2,2,5,2,1,1,1,1,1,1,2,2, ,4,3,2,4,2,4,4,2,2,2,2,2,2,4,3,3,3,2,2,3, ,2,1, ,2,1,1,60099,1963,4,2,3,1,1,1,2,1,1,2
000591,1,2,2,1,2,1,2,2,1,1,1,1,1,2, ,2, ,2,2,2,4,2,2,2,2,2,3,1,1,2,1,1,2,4,1,1,1, ,4, , ,2,1,2,60137,1953,5,1,6,2,1,1,2,3,1,1
000746,1,2,2,1,3,1,4,2,1,1,1,1,1,9, ,2, ,4,1,1,3,2,1,1,3,2,3,2,1,1,2,2,1,6,1,9, , ,1,2, ,2,2, ,60201,1951,5,1,7,1, ,9,2,4,9,1
000974,1,2,2,1,1,1,3,2,1,1,1,2,1,2, ,2, ,4,2,3,2,9,2,4,4,3,3,2,1,2,1,1,1,3,1,1,3, ,3, ,1,1,1,2,60546,1948,5,1,3,2,1,1,2,1,1,1
001132,1,2,2,1,1,2,2,2,1,1,1,1,1,2, ,2, ,4,1,1,4,3,4,4,4,3,1,1,2,2,2,3,1,6,1,1,3, ,3, ,4,2,1,2,60563,1942,6,1,4,2,1,1,1,2,1,1
000891,1,1,1,1,2,1,4,2,1,1,1,1,1,2, ,2, ,4,1,2,3,2,3,1,1,2,2,2,1,1,1,1,1,5,1,1,3, ,2,1, ,2,2, ,60654,1947,6,1,9,2,1,1,2,9,1,1
001586,1,2,2,1,2,1,5,1,3,1,1,2,1,2, ,1,2,4,4,1,4,4,4,4,4,4,2,2,2,2,1,4,2,3,2,4, , ,3, ,1,2,1,2,60081,1949,5,7,9,1,2,2,2,9,2,7
000694,1,2,2,1,2,1,5,2,1,1,1,1,1,2, ,2, ,4,2,1,1,1,1,1,2,4,2,2,1,2,2,1,2,6,1,3,3, ,9, , ,2,1,2,60104,1953,5,2,2,2,1,1,2,1,1,2
000965,1,2,2,2,2,1,5,2,1,2,1,2,1,2, ,1,9,4,1,2,2,3,1,1,1,4,2,1,2,2,3,3,2,3,3,5, ,10,2,2, ,2,1,2,60463,1958,4,1,6,2,3,3,2,3,3,1
001203,1,2,2,2,2,2,5,2,1,1,1,2,1,2, ,2, ,4,1,3,3,2,1,2,2,1,2,2,2,1,2,2,2,4,3,2,2, ,3, ,1,1,1,2,60181,1975,3,1,2,1,1,1,3,1,1,1
001525,1,2,2,3,2,3,3,2,1,2,1,2,1,9, ,2, ,4,4,1,3,3,2,3,2,3,2,2,2,2,3,2,4,2,2,1,9, ,1,1, ,1,2, ,60471,1962,4,2,5,1,1,1,2,2,1,2
001785,1,2,2,1,2,1,4,1,1,1,1,2,1,2, ,1,1,3,3,1,3,2,2,2,2,3,2,2,2,2,2,2,2,5,2,4, , ,1,1, ,2,1,2,60102,1974,3,1,6,1,2,2,3,3,2,1
000637,1,1,1,3,2,1,2,2,1,1,9,2,1,2, ,9, ,9,2,2,3,4,1,1,1,9,2,1,1,2,2,2,2,6,2,3,9, ,3, ,1,2,1,1,60610,1932,7,1,9,1,1,1,1,9,1,1
001486,1,2,2,1,1,1,1,2,1,2,1,1,1,2, ,2, ,3,2,1,1,2,1,4,4,2,2,1,1,2,2,1,1,5,1,1,3, ,3, ,5,2,2, ,60062,1939,6,1,4,2,1,1,1,2,1,1
001729,1,2,2,2,2,3,5,2,1,1,2,2,1,2, ,2, ,4,9,1,4,9,1,1,3,4,2,2,2,2,2,2,3,5,3,6, ,10,3, ,1,2,1,1,60468,1940,6,1,4,1,3,3,1,2,3,1
000650,1,2,2,2,2,2,4,2,1,1,1,2,1,1,1,2, ,2,1,2,2,1,2,2,1,2,2,2,2,1,4,3,3,4,2,9, , ,4, , ,2,1,1,60154,1960,4,1,4,2, ,9,2,2,9,1
000756,1,2,2,3,2,1,4,2,1,1,2,1,1,2, ,9, ,4,9,3,1,9,1,1,4,4,2,2,1,1,4,2,4,4,1,1,9, ,3, ,5,2,1,2,60402,1933,7,1,3,2,1,1,1,1,1,1
001724,1,2,2,2,2,1,5,1,3,2,2,2,1,1,2,1,2,4,4,1,4,1,1,1,4,4,2,2,2,2,4,2,2,5,3,5, ,4,3, ,1,2,1,2,60068,1944,6,1,5,1,3,3,1,2,3,1
000491,1,1,1,1,2,2,5,1,1,1,2,2,1,1,2,1,9,4,9,1,4,4,4,4,4,4,2,2,2,1,2,1,1,2,2,1,3, ,4, , ,1,9, ,60610,1957,5,4,1,2,1,1,2,1,1,3
000594,1,1,1,2,2,2,2,2,1,1,2,2,2,2, ,2, ,4,3,2,4,4,4,1,4,4,3,2,2,1,4,1,1,4,1,1,3, ,3, ,1,2,1,1,60610,0,9,7,9,1,1,1,0,9,1,7
000773,1,1,1,2,2,2,5,1,2,2,2,2,2,1,1,1,2,4,4,2,1,4,1,1,1,1,2,2,2,1,1,2,1,6,3,5, ,5,1,5, ,2,3, ,60607,1975,3,1,7,1,3,3,3,4,3,1
001006,1,1,1,1,1,1,2,2,1,1,1,1,1,2, ,2, ,4,1,1,1,3,1,1,4,2,2,2,2,1,4,3,1,2,1,1,3, ,3, ,1,2,1,2,60611,1934,7,1,2,2,1,1,1,1,1,1
001071,1,1,1,2,1,1,4,9,1,1,2,2,1,2, ,2, ,4,4,1,3,2,2,3,3,2,3,1,1,2,1,1,2,5,2,3,3, ,3, ,1,2,1,2,60610,1938,6,1,7,2,1,1,1,4,1,1
001288,1,3,3,2,2,1,4,1,1,9,9,2,1,9, ,9, ,9,3,3,4,9,4,3,3,9,2,2,1,1,4,2,3,3,3,9, , ,3, ,9,2,1,1,62683,1942,6,1,9,2, ,9,1,9,9,1
000406,1,3,3,2,3,1,2,2,1,2,2,2,1,2, ,2, ,4,4,2,4,4,4,3,4,4,2,2,2,2,4,3,3,2,3,9, , ,1,1, ,1,1,1,62806,1961,4,1,3,1, ,9,2,1,9,1
000475,1,3,3,1,1,1,9,2,1,2,1,1,2,2, ,9, ,9,2,3,4,3,3,9,3,9,4,1,1,2,9,3,2,6,2,3,9, ,3, ,4,2,1,1,62249,1931,7,1,4,2,1,1,1,2,1,1
000577,1,3,3,2,2,2,5,2,1,2,1,2,2,2, ,1,1,4,3,2,4,2,2,4,2,4,3,2,2,1,1,2,3,3,2,5, ,6,1,1, ,2,1,2,62837,1945,6,1,2,1,3,3,1,1,3,1
000619,1,3,3,2,2,1,5,2,1,1,1,2,1,1,2,1,1,4,2,1,1,2,1,1,1,2,2,2,1,2,4,3,3,5,3,7, ,1,4, , ,2,1,1,61554,1950,5,1,7,2,3,3,2,4,3,1
001310,1,3,3,2,2,1,5,1,1,2,2,2,1,1,1,1,1,4,4,2,4,4,4,1,4,4,2,2,2,2,3,2,1,5,3,6, ,10,3, ,4,2,1,2,60435,1952,5,1,5,1,3,3,2,2,3,1
001638,1,3,3,2,2,1,5,1,3,1,2,2,1,1,1,1,1,4,1,1,1,1,1,1,1,1,2,2,2,2,4,2,3,2,3,7, ,3,3, ,9,1,1,1,61356,1928,7,1,2,1,3,3,1,1,3,1
001658,1,2,2,2,2,3,9,9,9,1,9,2,1,2, ,9, ,4,1,2,9,1,2,2,2,1,2,2,2,2,4,2,2,5,3,4, , ,3, ,5,2,1,2,60516,1929,7,1,3,1,2,2,1,1,2,1
000533,1,2,2,1,2,1,1,2,1,1,9,2,1,2, ,2, ,4,9,1,4,4,2,2,2,9,3,2,1,2,2,1,1,3,2,1,9, ,3, ,1,2,1,2,60585,1946,6,1,5,2,1,1,1,2,1,1
000609,1,2,2,2,2,1,5,1,1,1,1,2,1,2, ,1,2,4,1,1,2,2,1,1,1,2,2,1,2,2,4,3,3,5,2,5, ,10,3, ,5,2,1,2,60123,1926,7,1,9,1,3,3,1,9,3,1
000821,1,2,2,1,2,1,2,9,1,1,1,2,1,2, ,2, ,2,9,2,1,1,2,2,4,4,3,2,1,1,1,3,1,5,2,3,1, ,3, ,1,2,1,2,60564,1944,6,1,5,1,1,1,1,2,1,1
000935,1,2,2,2,2,2,5,2,3,1,1,2,1,2, ,1,1,4,4,2,4,1,1,4,4,4,2,2,1,1,1,1,1,6,2,3,3, ,1,3, ,2,1,1,60637,1959,4,7,6,2,1,1,2,3,1,7
001077,1,2,2,1,1,1,2,2,1,1,1,9,1,2, ,2, ,3,2,2,4,2,1,1,1,2,2,2,2,2,2,1,1,3,1,3,9, ,3, ,1,2,2, ,60077,1939,6,1,9,2,1,1,1,9,1,1
001399,1,2,2,2,2,1,5,1,3,2,2,2,2,1,1,1,1,4,1,1,4,4,4,4,4,1,3,2,2,1,1,1,1,5,2,4, , ,1,1, ,2,1,2,60445,1948,5,1,3,1,2,2,2,1,2,1
001589,1,2,2,2,2,2,2,1,9,1,2,2,1,1,1,1,2,4,2,1,1,1,1,1,2,3,3,2,2,1,2,2,4,2,1,7, ,9,1,5, ,2,1,2,60540,1970,3,1,4,1,3,3,3,2,3,1
001536,1,3,3,2,2,1,5,2,1,2,2,2,1,2, ,2, ,9,2,1,4,4,4,4,2,4,2,2,1,1,1,2,2,6,1,6, ,10,1,3, ,1,1,2,60927,1950,5,1,7,2,3,3,2,4,3,1
001657,1,3,3,1,2,1,4,2,1,1,1,2,1,1,1,2, ,4,2,1,3,9,4,1,4,4,3,2,2,2,2,2,2,5,1,3,3, ,3, ,2,2,1,1,62711,1937,7,1,9,2,1,1,1,9,1,1
000918,1,2,2,1,1,1,2,2,1,1,1,1,1,2, ,2, ,4,2,1,3,3,2,1,3,1,2,1,2,2,1,3,2,2,1,1,2, ,3, ,3,1,1,2,60651,1945,6,2,4,1,1,1,1,2,1,2
001035,1,2,2,2,2,1,2,2,1,1,1,2,1,1,1,1,1,4,1,1,2,1,1,1,1,3,3,2,2,1,1,1,1,3,1,2,1, ,3, ,5,2,3, ,60010,1946,6,1,2,1,1,1,1,1,1,1
001222,1,2,2,2,2,1,5,9,1,1,1,9,1,2, ,2, ,3,3,2,4,4,4,1,1,4,5,2,2,2,4,3,4,2,3,6, ,10,3, ,1,2,1,2,60505,1940,6,1,9,2,3,3,1,9,3,1
001411,1,2,2,2,2,2,5,1,1,1,2,2,1,2, ,1,1,4,1,3,4,4,4,4,4,1,2,2,2,3,1,1,1,3,2,1,3, ,3, ,4,1,1,2,60429,0,9,2,9,1,1,1,0,9,1,2
200760,2,3,6,2,2,2,4,2,1,1,9,2,1,1,1,1,1,3,2,1,1,3,1,1,1,3,3,2,2,1,4,2,2,3,3,5, ,10,3, ,1,2,1,2,62668,1948,5,1,3,1,3,3,2,1,3,1
200810,2,3,6,1,2,1,5,1,3,2,2,2,1,1,1,1,1,2,2,1,4,2,1,2,2,3,2,1,2,1,1,1,1,3,3,7, ,10,4, , ,2,3, ,62948,1978,2,1,1,1,3,3,3,1,3,1
200831,2,3,6,2,2,1,5,1,3,1,2,2,1,1,1,1,1,4,2,1,4,4,1,4,4,1,2,2,2,2,4,1,2,2,3,5, ,10,1,1, ,1,3, ,60178,1960,4,1,6,1,3,3,2,3,3,1
200896,2,3,6,2,2,1,5,1,9,2,2,2,1,2, ,1,1,4,3,2,4,4,3,1,3,3,2,2,2,2,4,2,1,3,3,6, ,2,3, ,3,2,1,1,61863,1932,7,1,2,2,3,3,1,1,3,1
201054,2,3,6,1,2,1,5,1,1,2,2,2,1,2, ,1,9,4,1,1,4,1,4,4,4,2,2,2,2,1,4,2,2,3,3,5, ,10,3, ,3,2,1,2,62278,1954,5,1,4,1,3,3,2,2,3,1
201281,2,3,6,1,1,1,2,1,3,2,2,2,1,1,1,1,9,3,2,1,4,4,4,4,4,4,2,1,1,2,2,2,1,3,9,2,3, ,2,1, ,2,1,2,62918,1992,1,1,1,1,1,1,4,1,1,1
201154,2,1,4,2,2,2,4,9,1,1,2,2,1,1,1,1,1,2,1,1,1,2,2,2,2,3,2,2,2,2,4,2,3,4,3,5, ,10,4, , ,2,1,1,60653,1983,2,5,3,2,3,3,3,1,3,3
201540,2,1,4,1,2,1,2,2,1,1,1,1,1,2, ,2, ,3,2,1,2,1,1,2,4,2,3,1,1,2,3,2,1,6,2,3,3, ,1,1, ,2,1,2,60202,1956,5,1,5,1,1,1,2,2,1,1
200914,2,2,5,2,2,1,5,1,1,2,2,2,1,2, ,1,1,2,2,1,2,2,1,1,3,4,3,2,1,1,4,2,1,5,2,6, ,1,1,1, ,2,1,2,60542,1961,4,1,6,2,3,3,2,3,3,1
201315,2,2,5,1,1,1,3,2,1,1,1,1,1,2, ,2, ,4,1,1,1,1,2,3,4,1,4,2,2,2,1,2,1,2,1,3,1, ,2,1, ,2,2, ,60107,1993,1,4,1,1,1,1,4,1,1,3
201191,2,3,6,2,3,3,9,2,9,2,2,2,1,2, ,1,2,4,1,1,4,4,1,2,4,1,2,2,2,2,1,2,3,2,9,5, ,10,1,9, ,2,1,2,62451,1979,2,1,2,2,3,3,3,1,3,1
201018,2,2,5,2,2,3,5,1,2,2,2,2,1,1,2,1,9,3,2,1,4,2,4,4,4,2,2,2,2,3,2,1,2,4,3,5, ,10,1,1, ,2,1,2,60440,1974,3,1,3,1,3,3,3,1,3,1
201293,2,2,5,1,1,1,1,2,1,2,2,1,1,1,1,2, ,4,4,2,4,4,4,4,4,4,3,2,2,1,1,2,2,1,1,1,3, ,2,1, ,2,1,2,60647,1965,4,4,2,2,1,1,3,1,1,3
201123,2,3,6,2,1,1,5,2,1,1,1,9,1,1,2,9, ,3,3,2,3,2,3,4,4,9,1,2,2,1,9,2,3,2,3,2,9, ,3, ,1,1,1,2,61115,1947,6,1,4,2,1,1,2,2,1,1
201330,2,3,6,2,2,1,4,1,3,2,2,2,1,1,1,1,1,4,2,1,4,4,2,4,1,4,2,2,1,1,1,4,3,5,2,6, ,10,1,2, ,2,1,2,62221,1948,5,1,7,1,3,3,2,4,3,1
200659,2,2,5,1,2,1,5,2,1,1,1,1,1,1,2,2, ,4,4,2,4,4,4,4,4,4,2,2,1,1,3,1,1,3,1,1,2, ,3, ,4,1,1,2,60194,1944,6,1,5,2,1,1,1,2,1,1
200677,2,2,5,2,2,1,3,9,9,1,9,2,1,1,9,1,9,9,4,2,4,2,2,2,2,2,2,1,1,2,1,1,2,3,3,4, , ,1,5, ,2,2, ,99999,0,9,1,9,1,2,2,0,9,2,1
200774,2,2,5,2,2,2,2,2,2,1,1,1,1,1,2,1,9,1,2,2,1,1,1,1,4,1,5,2,2,1,1,1,3,6,1,2,1, ,3, ,4,2,3, ,99999,0,9,7,1,1,1,1,0,1,1,7
200800,2,2,5,1,2,2,5,2,1,1,1,1,1,1,1,1,1,3,3,1,4,4,4,4,4,1,3,3,3,2,1,3,3,6,9,9, , ,9, , ,9,9, ,99999,1965,4,7,9,2, ,9,3,9,9,7
200902,2,2,5,1,1,1,3,1,1,2,2,2,1,2, ,1,2,4,2,1,3,3,3,2,2,4,3,2,2,1,1,2,1,2,1,3,3, ,4, , ,2,3, ,62701,1982,2,1,1,1,1,1,3,1,1,1
200726,2,1,4,1,1,1,5,2,9,2,2,2,2,2, ,1,1,4,9,3,4,4,1,4,4,4,2,2,1,2,1,1,1,4,1,1,8, ,1,2, ,1,1,2,99999,0,9,7,9,2,1,1,0,9,1,7
200780,2,1,4,2,2,1,2,2,1,1,1,2,1,2, ,2, ,4,2,1,3,2,3,2,3,3,3,2,1,1,1,1,1,6,2,3,9, ,1,1, ,2,1,2,60642,1974,3,5,5,1,1,1,3,2,1,3
201266,2,1,4,2,2,2,5,1,3,2,2,2,2,1,1,1,2,3,2,1,1,2,1,1,1,3,2,2,2,1,4,3,3,5,3,7, ,1,3, ,1,2,1,2,60601,1950,5,1,5,2,3,3,2,2,3,1
002507,1,3,3,2,2,1,2,1,3,1,1,2,1,2, ,1,2,3,1,1,1,1,2,1,1,2,2,1,2,2,1,3,2,5,3,7, ,1,3, ,1,2,1,1,61061,1934,7,1,1,2,3,3,1,1,3,1
002676,1,3,3,2,2,1,3,2,1,1,9,2,1,9, ,9, ,9,2,3,4,3,3,9,2,3,2,3,2,2,2,2,1,3,1,1,8, ,3, ,3,2,1,2,62454,1929,7,1,9,2,1,1,1,9,1,1
001808,1,1,1,1,2,2,5,2,1,1,1,2,1,2, ,9, ,3,1,1,1,4,1,1,4,1,5,2,2,1,1,1,1,6,2,4, , ,1,1, ,2,2, ,60611,1951,5,1,9,1,2,2,2,9,2,1
002105,1,2,2,1,2,2,5,2,1,1,2,1,1,1,2,2, ,4,2,1,1,4,4,4,4,2,2,2,1,2,9,1,2,2,1,1,1, ,1,9, ,2,1,1,60651,1959,4,5,5,2,1,1,2,2,1,3
002251,1,2,2,3,1,1,3,9,1,2,2,1,1,1,2,9, ,9,2,2,9,9,9,1,2,2,2,3,3,3,2,1,1,1,9,1,9, ,3, ,1,2,1,2,60462,0,9,7,9,2,1,1,0,9,1,7
001816,1,2,2,3,2,2,5,1,1,1,2,2,1,1,1,1,1,4,4,1,4,4,4,4,4,2,2,2,1,1,1,1,1,4,2,9, , ,1,1, ,2,1,2,60123,1963,4,1,5,2, ,9,2,2,9,1
001919,1,2,2,2,2,2,5,1,1,9,2,2,1,9, ,1,1,4,4,1,2,2,9,2,9,4,2,2,2,3,1,2,4,3,2,6, ,10,1,2, ,2,1,2,60439,1960,4,1,6,1,3,3,2,3,3,1
002126,1,2,2,2,2,2,5,1,3,2,2,2,1,1,1,1,2,9,2,3,2,2,2,2,2,2,2,2,2,2,3,3,2,5,3,7, ,10,3, ,5,2,1,1,60516,1949,5,1,7,2,3,3,2,4,3,1
002292,1,2,2,1,1,1,2,2,1,1,1,2,1,2, ,2, ,4,2,1,4,3,2,3,2,2,1,1,1,1,1,1,1,4,2,1,9, ,1,1, ,2,1,2,60626,1965,4,1,7,1,1,1,3,4,1,1
002612,1,2,2,2,2,2,1,2,1,2,2,2,1,2, ,2, ,1,1,1,1,1,1,1,1,4,2,2,2,1,4,4,3,2,3,4, , ,3, ,1,2,1,2,60501,1925,7,1,1,1,2,2,1,1,2,1
002718,1,2,2,2,2,1,3,2,1,1,1,2,1,2, ,2, ,4,1,1,9,4,1,1,3,2,2,3,2,2,4,2,4,5,3,5, ,2,3, ,1,2,1,2,60563,1939,6,1,9,2,3,3,1,9,3,1
002083,1,2,2,1,1,1,1,2,1,1,1,1,1,2, ,2, ,2,9,2,3,1,2,4,4,2,3,1,1,1,1,1,1,5,1,1,3, ,1,1, ,1,1,2,60188,1957,5,1,6,1,1,1,2,3,1,1
002625,1,2,2,1,2,1,4,2,1,1,1,1,1,2, ,2, ,3,2,1,3,2,2,2,3,2,3,1,2,2,2,1,1,5,1,1,2, ,1,1, ,2,3, ,60614,1961,4,1,6,1,1,1,2,3,1,1
002365,1,3,3,1,3,2,9,2,1,1,2,1,1,9, ,2, ,4,9,2,4,4,4,4,4,4,2,2,1,2,1,4,2,4,3,1,9, ,1,1, ,1,1,1,62206,1963,4,2,9,2,1,1,2,9,1,2
002560,1,3,3,1,2,2,5,2,1,1,1,2,1,1,2,9, ,9,9,1,2,1,9,4,4,3,2,3,1,1,1,1,1,3,1,1,8, ,3, ,9,2,1,2,62810,1952,5,1,3,2,1,1,2,1,1,1
002246,1,3,3,3,2,2,4,1,3,2,2,2,9,9, ,9, ,4,2,1,2,3,1,4,2,1,2,2,2,1,9,2,2,2,3,5, ,10,1,1, ,2,1,1,61111,1962,4,1,5,1,3,3,2,2,3,1
002316,1,3,3,2,2,3,9,9,3,1,1,1,1,1,9,1,1,4,1,1,9,9,3,2,3,4,3,3,2,3,1,3,4,2,2,6, ,10,2,1, ,2,1,2,62522,1994,1,1,9,1,3,3,4,9,3,1
002624,1,3,3,2,2,1,5,9,9,9,9,9,9,1,1,9, ,1,9,1,1,1,1,1,1,9,4,2,2,2,4,4,4,5,3,5, ,10,3, ,5,2,1,2,62025,0,9,1,9,1,3,3,0,9,3,1
002326,1,3,3,1,2,1,4,2,1,2,1,1,1,1,1,9, ,2,2,1,4,2,2,3,4,2,3,1,1,1,2,1,2,6,1,3,3, ,3, ,3,2,1,2,62959,1939,6,1,4,1,1,1,1,2,1,1
002049,1,2,2,1,1,1,1,2,1,1,2,1,2,1,2,2, ,2,3,2,4,3,3,2,3,2,4,2,2,1,4,2,3,2,3,1,1, ,3, ,1,2,1,2,60466,1932,7,2,3,2,1,1,1,1,1,2
002109,1,2,2,1,2,1,5,2,1,1,1,1,1,2, ,2, ,4,3,1,4,2,3,4,3,2,3,1,2,2,1,2,2,6,2,4, , ,1,1, ,2,1,2,60491,1957,5,1,7,1,2,2,2,4,2,1
001093,1,1,1,2,2,2,4,2,1,1,1,1,1,2, ,2, ,4,4,1,3,3,1,1,1,4,2,1,2,2,3,1,1,5,1,1,3, ,4, , ,2,1,2,60610,1963,4,1,5,2,1,1,2,2,1,1
002295,1,2,2,2,2,1,4,1,3,2,2,2,1,2, ,1,1,3,1,1,4,4,1,4,1,4,3,1,2,2,1,1,1,3,1,2,3, ,3, ,1,2,1,2,60142,1943,6,1,2,1,1,1,1,1,1,1
002684,1,3,3,2,2,2,5,1,2,1,2,2,9,1,2,1,2,4,1,1,4,4,4,4,4,2,3,2,2,2,1,2,2,3,1,3,2, ,3, ,1,1,1,2,62707,1958,4,1,6,1,1,1,2,3,1,1
002329,1,2,2,1,1,2,4,2,1,1,1,1,1,2, ,2, ,4,2,1,4,4,4,4,4,3,1,1,2,1,1,1,1,6,1,2,8, ,4, , ,2,2, ,60647,1955,5,2,1,1,1,1,2,1,1,2
002215,1,2,2,2,2,1,2,2,1,1,2,2,1,2, ,2, ,4,2,1,4,4,3,2,3,4,2,2,2,1,2,1,2,2,2,9, , ,3, ,1,2,1,2,60169,0,9,1,2,2, ,9,0,1,9,1
002580,1,2,2,1,2,2,2,2,1,1,1,1,1,2, ,2, ,4,9,3,4,9,1,1,1,9,5,2,2,2,2,2,2,4,1,1,3, ,3, ,3,2,1,2,60617,0,9,2,9,2,1,1,0,9,1,2
001844,1,2,2,1,2,2,5,2,1,2,1,2,1,1,1,1,1,3,1,1,3,2,2,1,1,2,2,1,2,1,1,1,2,5,9,1,3, ,1,1, ,2,1,2,60655,1978,2,2,4,1,1,1,3,2,1,2
001998,1,2,2,2,2,2,5,2,9,1,2,9,1,1,2,2, ,3,2,1,2,2,2,1,1,3,2,2,2,2,9,3,3,2,1,3,3, ,3, ,2,1,1,1,60563,1940,6,1,1,2,1,1,1,1,1,1
000871,1,1,1,2,2,1,5,2,1,2,1,1,1,2, ,2, ,4,2,1,1,1,4,4,4,1,2,2,2,1,3,1,3,5,3,5, ,10,1,1, ,2,1,2,60614,1957,5,1,4,1,3,3,2,2,3,1
002591,1,2,2,2,2,3,5,2,1,1,1,2,1,2, ,1,1,4,4,1,1,1,1,1,1,1,3,2,2,2,1,3,2,6,3,7, ,10,3, ,1,2,1,2,60048,1946,6,1,9,1,3,3,1,9,3,1
202410,2,3,6,1,2,1,2,2,1,1,1,1,1,2, ,2, ,3,1,1,2,2,3,3,2,2,3,2,1,1,1,1,1,3,1,1,1, ,4, , ,2,1,2,62298,1993,1,1,6,2,1,1,4,3,1,1
202607,2,3,6,2,2,2,5,1,3,2,2,2,1,1,1,1,2,4,2,2,2,2,3,2,1,3,2,2,1,2,4,3,3,6,3,7, ,3,1,2, ,2,1,1,61550,1955,5,1,5,1,3,3,2,2,3,1
202978,2,3,6,1,2,1,3,2,1,1,1,2,1,2, ,1,1,4,2,1,2,9,1,3,4,9,1,1,1,1,1,1,1,5,1,1,8, ,2,5, ,2,2, ,61873,1956,5,1,9,2,1,1,2,9,1,1
202447,2,2,5,2,2,2,5,1,1,2,2,2,1,1,2,2, ,4,1,2,1,3,1,1,1,1,2,2,2,2,4,2,1,5,3,7, ,8,1,3, ,1,1,1,60102,1962,4,1,7,2,3,3,2,4,3,1
202684,2,2,5,3,2,1,9,2,1,2,2,2,2,1,2,2, ,4,4,2,4,3,3,4,1,4,2,2,2,2,4,2,3,2,1,3,3, ,4, , ,2,1,2,60803,1971,3,1,3,1,1,1,3,1,1,1
203346,2,2,5,1,1,1,1,2,1,1,1,2,1,2, ,1,1,4,4,1,9,4,4,2,2,3,3,1,1,1,1,1,1,3,1,9, , ,4, , ,2,3, ,60513,1988,1,1,1,2, ,9,4,1,9,1
202563,2,2,5,2,2,1,5,1,3,2,2,2,1,1,1,1,2,9,3,1,4,4,4,2,2,4,2,2,2,1,1,2,2,5,3,5, ,8,3, ,4,2,3, ,60448,1948,5,1,7,1,3,3,2,4,3,1
202907,2,2,5,1,1,1,2,2,1,2,2,2,1,1,1,9, ,9,2,1,2,9,3,4,4,9,2,2,1,3,1,2,1,3,2,5, ,10,4, , ,2,2, ,60015,1949,5,1,7,1,3,3,2,4,3,1
203730,2,2,5,1,1,2,2,2,1,1,1,2,2,2, ,2, ,4,2,1,2,2,1,1,4,3,3,1,1,1,1,1,1,4,1,1,9, ,2,1, ,2,3, ,60503,1976,3,1,5,2,1,1,3,2,1,1
203106,2,1,4,1,1,1,2,2,1,1,1,1,1,2, ,2, ,4,2,1,2,2,1,1,1,3,3,2,1,2,2,1,1,6,1,1,1, ,1,1, ,2,3, ,60614,1971,3,1,7,2,1,1,3,4,1,1
201859,2,2,5,1,1,1,2,2,1,2,2,1,2,2, ,2, ,4,9,3,9,9,9,1,1,9,1,2,2,2,4,2,3,5,1,6, ,10,1,1, ,2,1,2,60107,1979,2,3,4,1,3,3,3,2,3,3
201978,2,2,5,1,3,1,9,1,1,1,1,2,1,1,1,2, ,9,1,1,4,4,4,2,4,2,3,2,1,1,1,1,1,5,1,2,8, ,3, ,9,2,1,2,53104,1949,5,1,4,2,1,1,2,2,1,1
202275,2,2,5,1,2,2,2,2,1,1,1,1,1,2, ,2, ,4,1,3,2,9,2,3,3,2,5,2,1,1,1,1,1,5,1,1,9, ,2,3, ,2,3, ,60081,1968,3,1,9,2,1,1,3,9,1,1
202554,2,2,5,1,2,1,3,2,3,1,9,1,1,1,1,1,1,3,9,3,3,9,4,4,4,9,1,1,2,1,1,2,1,5,2,2,2, ,1,1, ,2,2, ,60634,1989,1,3,9,1,1,1,4,9,1,3
202977,2,2,5,1,3,1,9,2,1,2,1,2,1,1,2,1,1,4,9,2,1,3,2,1,1,2,3,2,1,1,1,1,1,5,3,5, ,9,1,5, ,2,3, ,60601,1982,2,1,7,1,3,3,3,4,3,1
202524,2,1,4,1,2,2,4,2,1,1,1,1,1,2, ,2, ,4,4,2,1,1,2,2,1,3,3,1,2,2,2,1,1,6,1,2,2, ,1,1, ,2,1,2,60616,1981,2,3,6,1,1,1,3,3,1,3
203265,2,3,6,2,2,2,4,1,3,2,2,2,1,1,2,1,2,2,2,1,3,2,3,3,3,3,2,2,2,1,2,2,2,2,3,7, ,3,1,1, ,1,1,3,61701,1960,4,1,9,2,3,3,2,9,3,1
202120,2,2,5,1,3,3,5,9,1,1,9,2,1,2, ,9, ,4,4,2,4,1,4,4,4,4,1,3,1,1,3,1,1,3,2,3,9, ,1,5, ,2,3, ,60616,1972,3,2,4,1,1,1,3,2,1,2
202548,2,2,5,3,2,1,5,2,1,1,1,1,1,1,1,2, ,3,2,2,4,3,2,2,4,4,2,3,1,3,1,2,1,6,1,1,3, ,1,3, ,1,1,1,60453,1969,3,4,6,2,1,1,3,3,1,3
203339,2,2,5,2,2,3,2,2,1,2,2,2,1,2, ,2, ,4,2,1,3,3,2,2,2,2,2,2,1,1,2,2,1,6,9,9, , ,1,2, ,2,3, ,60525,1960,4,4,7,1, ,9,2,4,9,3
202002,2,2,5,1,2,2,3,2,1,2,2,9,1,1,1,9, ,4,2,3,4,2,9,4,4,1,2,2,2,1,4,2,2,3,3,9, , ,1,1, ,2,1,1,60649,1973,3,2,4,1, ,9,3,2,9,2
203274,2,2,5,3,2,2,5,2,3,1,1,2,1,1,1,9, ,4,4,3,9,1,3,9,9,9,5,2,3,2,1,4,2,4,1,3,8, ,3, ,1,2,1,3,60067,1947,6,1,3,1,1,1,2,1,1,1
002854,1,1,1,2,2,3,5,1,3,2,2,2,1,2, ,1,1,2,2,2,1,1,1,1,1,2,2,2,2,1,3,2,1,5,3,7, ,10,3, ,1,2,1,2,60611,1941,6,1,9,2,3,3,1,9,3,1
003207,1,1,1,2,2,2,5,9,3,2,9,2,1,2, ,1,9,4,4,1,1,2,2,1,1,1,2,2,1,2,4,2,3,6,3,7, ,10,3, ,1,2,9, ,60614,0,9,7,9,1,3,3,0,9,3,7
003292,1,1,1,1,1,1,5,2,1,2,1,1,1,1,1,9, ,9,2,1,2,4,1,1,2,1,1,1,2,1,2,2,2,2,1,4, , ,3, ,3,2,1,1,60610,1939,6,2,1,2,2,2,1,1,2,2
003540,1,1,1,3,3,3,2,2,3,1,1,1,1,2, ,2, ,3,3,1,1,1,1,1,1,1,3,2,2,2,1,1,1,5,2,3,1, ,2,5, ,2,2, ,60614,1953,5,1,5,1,1,1,2,2,1,1
003745,1,1,1,2,2,2,5,2,1,1,2,2,1,2, ,9, ,4,1,1,3,1,1,1,1,4,2,2,2,2,2,4,2,6,1,7, ,5,1,1, ,2,1,2,60611,1968,3,1,5,2,3,3,3,2,3,1
003882,1,1,1,1,2,3,2,2,1,1,2,9,1,2, ,2, ,4,2,3,3,2,1,1,1,2,2,2,3,2,9,2,1,6,1,1,9, ,3, ,2,2,1,2,60608,1937,7,1,1,2,1,1,1,1,1,1
004044,1,1,1,1,2,2,2,9,1,1,1,2,1,2, ,2, ,2,3,2,3,4,2,2,2,3,3,2,1,2,4,2,1,5,2,2,9, ,1,2, ,2,1,2,60610,1960,4,1,6,2,1,1,2,3,1,1
004178,1,1,1,3,3,3,2,2,1,1,1,9,1,2, ,2, ,2,2,1,4,4,4,4,4,3,1,1,2,3,1,1,1,6,1,1,9, ,2,3, ,2,3, ,60607,1941,6,1,5,2,1,1,1,2,1,1
002782,1,3,3,1,2,1,5,2,1,1,1,2,1,2, ,2, ,4,1,1,2,4,2,4,4,4,2,2,2,2,1,3,2,3,2,5, ,2,3, ,1,2,1,2,61614,0,9,1,9,2,3,3,0,9,3,1
002983,1,3,3,2,2,1,5,1,1,1,2,2,1,2, ,1,2,3,1,1,3,1,1,2,2,3,2,2,1,1,4,2,2,6,3,7, ,2,3, ,3,2,1,1,61420,1936,7,1,6,1,3,3,1,3,3,1
003086,1,3,3,2,2,2,4,1,3,2,1,2,1,2, ,1,1,4,2,1,4,2,3,4,4,4,2,2,2,1,3,2,3,2,3,4, , ,1,1, ,2,1,1,62618,1949,5,1,4,2,2,2,2,2,2,1
003212,1,3,3,2,2,2,5,1,1,2,2,2,2,1,2,1,2,4,1,1,1,4,4,1,1,3,2,2,2,2,4,2,2,5,1,7, ,9,1,1, ,2,1,2,60014,1962,4,1,6,1,3,3,2,3,3,1
003268,1,3,3,2,2,2,5,1,1,1,2,2,1,1,2,2, ,4,1,1,4,4,4,3,2,2,1,2,2,1,4,2,3,3,2,1,3, ,3, ,5,1,1,2,60441,1927,7,1,4,1,1,1,1,2,1,1
003427,1,3,3,1,2,1,4,2,1,1,1,2,1,1,1,9, ,9,2,3,3,2,2,3,2,3,3,3,2,2,3,3,2,2,1,1,9, ,2,2, ,2,1,1,62550,1954,5,1,5,2,1,1,2,2,1,1
003822,1,3,3,2,2,1,5,1,3,2,2,2,1,1,1,1,1,4,3,2,3,2,2,2,2,3,2,2,2,2,4,3,3,2,3,2,8, ,1,2, ,2,1,1,62448,1942,6,1,2,1,1,1,1,1,1,1
004033,1,3,3,1,2,2,4,1,1,1,1,2,1,2, ,1,2,4,2,2,4,2,1,1,1,4,2,2,2,1,4,2,3,4,2,4, , ,1,1, ,2,1,1,62966,1954,5,1,2,2,2,2,2,1,2,1
004338,1,3,3,2,2,1,2,1,1,1,1,2,1,1,1,9, ,3,2,1,3,2,2,1,4,4,3,2,2,2,9,2,2,6,3,7, ,10,1,1, ,2,1,2,62025,1956,5,1,9,1,3,3,2,9,3,1
002920,1,2,2,3,2,3,4,1,3,2,2,2,1,9, ,1,1,3,2,1,3,2,2,1,2,2,3,3,2,2,2,2,3,2,3,6, ,10,3, ,9,2,1,2,99999,1927,7,2,9,2,3,3,1,9,3,2
003134,1,2,2,1,2,1,2,2,1,1,9,2,1,2, ,2, ,4,9,1,9,4,4,3,2,4,1,1,1,3,2,3,1,5,1,1,9, ,3, ,5,2,1,2,60069,1932,7,1,4,2,1,1,1,2,1,1
003367,1,2,2,1,1,1,2,2,1,2,1,2,1,1,1,2, ,9,1,3,1,1,1,1,1,2,3,2,1,2,4,1,2,1,1,1,1, ,3, ,1,2,1,1,60619,1923,7,2,1,1,1,1,1,1,1,2
003789,1,2,2,2,2,3,5,2,1,1,1,2,1,1,1,2, ,3,4,1,3,1,1,1,1,3,2,2,2,1,2,3,1,5,2,6, ,1,2,1, ,2,1,2,60192,1979,2,1,6,2,3,3,3,3,3,1
004140,1,2,2,2,2,2,5,9,1,1,1,2,1,2, ,2, ,4,1,1,3,3,2,2,9,2,3,2,1,2,3,2,1,6,2,4, , ,3, ,1,2,1,2,60615,1944,6,1,9,2,2,2,1,9,2,1
004258,1,2,2,1,3,1,1,2,1,1,1,2,1,2, ,2, ,2,1,1,1,4,4,4,2,1,1,1,2,1,2,1,2,6,1,1,3, ,3, ,3,2,1,2,60201,1931,7,1,5,1,1,1,1,2,1,1
004117,1,2,2,2,2,2,5,1,3,2,1,2,1,1,2,1,1,4,1,1,4,4,1,1,1,1,2,2,2,2,9,2,1,4,2,7, ,1,1,1, ,1,1,2,60021,1946,6,1,5,2,3,3,1,2,3,1
003742,1,2,2,2,2,1,2,2,1,1,1,2,1,1,2,9, ,1,1,1,4,1,4,4,1,4,4,2,2,1,1,2,1,6,3,6, ,1,1,4, ,2,3, ,60123,1981,2,1,5,1,3,3,3,2,3,1
003951,1,2,2,1,2,1,5,2,1,1,1,2,1,2, ,1,1,1,4,1,4,1,4,4,4,1,3,2,1,1,2,2,2,6,3,4, , ,1,1, ,2,1,2,60451,0,9,1,9,1,2,2,0,9,2,1
004114,1,2,2,1,1,1,2,2,1,2,1,2,1,1,1,2, ,3,1,1,2,4,2,1,2,3,4,2,1,2,4,2,3,2,1,1,2, ,3, ,1,2,1,2,99999,1940,6,2,1,2,1,1,1,1,1,2
002768,1,2,2,2,2,1,5,2,1,2,1,2,1,2, ,1,1,1,1,1,2,4,2,1,4,1,3,2,1,2,1,1,2,5,2,6, ,1,4, , ,2,1,2,60010,1957,5,1,7,2,3,3,2,4,3,1
002891,1,2,2,1,1,1,2,1,1,2,1,1,1,1,2,1,1,4,4,1,3,4,4,4,4,1,4,2,2,2,1,2,4,2,3,1,1, ,1,5, ,2,1,2,60803,1983,2,2,4,2,1,1,3,2,1,2
003136,1,2,2,2,2,2,2,1,1,2,1,2,2,1,1,2, ,9,9,2,1,9,4,4,9,9,2,2,1,2,4,3,3,2,3,3,1, ,3, ,2,2,1,2,60644,1928,7,2,1,2,1,1,1,1,1,2
003404,1,2,2,2,2,2,2,9,3,1,1,2,1,2, ,1,1,4,2,1,2,4,1,1,4,9,2,2,2,2,4,3,2,5,3,5, ,9,2,4, ,2,1,2,60137,0,9,1,3,2,3,3,0,1,3,1
003876,1,2,2,2,2,1,4,1,3,1,1,2,1,1,2,1,1,3,2,1,3,3,2,2,2,3,2,2,2,1,2,1,1,6,2,5, ,10,1,1, ,2,2, ,60540,0,9,1,4,1,3,3,0,2,3,1
004124,1,2,2,1,2,2,5,2,2,2,2,2,1,1,2,2, ,4,1,1,4,4,4,4,4,1,4,2,2,1,4,3,1,2,3,1,3, ,3, ,1,2,1,1,60624,1939,6,2,1,2,1,1,1,1,1,2
004217,1,2,2,1,2,2,2,2,1,1,1,1,1,1,1,2, ,3,1,1,1,2,1,1,3,2,2,2,1,2,1,2,1,2,1,2,1, ,3, ,9,1,1,2,60439,1941,6,1,3,2,1,1,1,1,1,1
002904,1,3,3,2,2,2,4,1,1,1,1,2,1,2, ,2, ,4,1,1,3,2,3,1,1,2,3,2,2,2,4,2,3,3,3,5, ,2,3, ,1,2,1,2,61739,1940,6,1,3,1,3,3,1,1,3,1
003050,1,3,3,2,2,1,5,2,1,2,2,2,1,1,1,1,2,4,1,1,1,2,1,1,1,3,2,2,2,2,2,2,1,3,3,7, ,6,3, ,1,2,1,1,60410,1949,5,1,9,2,3,3,2,9,3,1
003412,1,3,3,2,2,3,5,2,1,2,1,1,1,2, ,1,9,4,4,3,9,9,9,1,4,9,2,3,2,3,4,2,3,5,3,1,8, ,2,1, ,1,1,1,62401,1959,4,1,5,2,1,1,2,2,1,1
003671,1,3,3,2,2,2,5,1,3,2,2,2,1,1,1,1,9,4,2,2,4,4,2,2,4,4,3,2,2,1,2,4,4,2,3,4, , ,1,1, ,2,1,3,61329,1964,4,1,9,1,2,2,2,9,2,1
003795,1,3,3,3,2,1,4,2,1,2,1,1,1,1,1,2, ,4,2,3,4,1,3,2,2,2,2,3,1,2,9,2,2,5,2,4, , ,3, ,3,2,1,1,61611,1947,6,1,6,2,2,2,2,3,2,1
003925,1,3,3,2,2,2,1,2,3,2,1,2,1,2, ,2, ,4,2,1,4,1,3,1,3,1,2,2,2,1,2,4,3,5,2,4, , ,3, ,3,2,1,2,61615,1945,6,1,3,1,2,2,1,1,2,1
002877,1,3,3,3,2,3,4,2,1,1,9,1,1,1,2,2, ,4,2,1,1,3,1,1,1,1,2,2,2,2,1,3,3,2,3,1,9, ,3, ,1,2,1,2,62338,1947,6,1,3,2,1,1,2,1,1,1
002990,1,3,3,2,2,2,9,1,3,2,2,2,1,1,1,1,2,4,1,1,1,2,2,4,4,2,3,1,1,2,4,2,2,3,3,6, ,3,3, ,3,2,1,2,62326,1945,6,1,5,1,3,3,1,2,3,1
003217,1,3,3,1,2,1,2,2,1,2,1,2,1,2, ,9, ,3,2,3,4,2,2,2,3,4,2,2,1,2,2,2,4,3,2,5, ,10,3, ,1,2,1,2,61053,1932,7,1,2,1,3,3,1,1,3,1
003820,1,3,3,3,2,3,9,1,2,1,2,2,2,2, ,9, ,4,1,1,1,4,1,1,1,4,2,2,1,2,4,3,3,4,2,9, , ,1,5, ,2,1,1,61843,1960,4,1,9,1, ,9,2,9,9,1
004100,1,3,3,2,2,1,5,9,9,9,9,2,9,1,2,1,9,4,4,1,4,4,4,4,4,4,2,2,2,2,4,3,3,6,3,9, , ,9, , ,1,1,1,62959,1962,4,1,5,2, ,9,2,2,9,1
004200,1,3,3,2,2,1,2,1,1,1,2,2,1,1,1,1,1,3,3,2,4,3,3,4,4,1,1,1,2,1,4,2,3,2,2,4, , ,3, ,5,2,1,2,62806,1957,5,1,2,1,2,2,2,1,2,1
003012,1,2,2,3,2,3,4,2,1,1,1,2,1,2, ,2, ,4,4,1,3,2,2,4,3,3,2,2,1,1,1,1,1,3,2,1,3, ,3, ,1,1,1,1,60643,1950,5,2,3,2,1,1,2,1,1,2
003194,1,2,2,1,1,1,2,2,1,1,1,1,1,1,1,2, ,3,1,1,4,1,1,1,1,2,2,2,1,2,4,2,2,5,2,2,2, ,4, , ,2,2, ,60010,1978,2,3,7,2,1,1,3,4,1,3
003328,1,2,2,3,1,1,9,2,9,1,2,9,1,9, ,9, ,9,9,1,9,9,4,1,1,9,4,1,2,2,1,1,1,4,9,9, , ,1,1, ,2,2, ,60089,1957,5,5,2,2, ,9,2,1,9,3
003398,1,2,2,1,2,1,5,2,1,1,1,1,1,1,2,1,1,2,3,2,1,1,1,1,1,1,3,2,2,1,4,2,2,5,2,2,8, ,1,1, ,2,1,2,60126,0,9,1,9,2,1,1,0,9,1,1
003463,1,2,2,1,2,3,4,2,1,1,1,2,1,2, ,2, ,4,2,1,4,2,4,4,4,4,3,2,2,2,1,1,1,5,2,3,2, ,1,1, ,1,2, ,60617,1958,4,2,9,2,1,1,2,9,1,2
003528,1,2,2,1,2,3,4,2,1,2,1,1,1,1,2,1,1,2,2,1,3,2,3,4,4,3,2,2,1,2,3,2,2,4,2,3,1, ,1,1, ,2,2, ,60634,1990,1,4,3,1,1,1,4,1,1,3
003695,1,2,2,1,3,1,2,2,1,1,1,1,1,2, ,2, ,4,1,1,2,2,2,2,2,4,3,1,1,2,2,1,1,6,1,1,9, ,1,3, ,1,1,2,60010,1951,5,1,5,2,1,1,2,2,1,1
003808,1,2,2,1,2,2,4,9,9,1,2,2,1,1,1,2, ,4,1,1,1,9,1,1,1,9,2,1,2,3,1,4,2,3,3,4, , ,3, ,5,2,1,2,60453,1938,6,1,9,2,2,2,1,9,2,1
003034,1,2,2,2,2,2,2,2,1,1,1,1,1,2, ,9, ,2,1,1,4,4,2,4,4,4,3,2,1,3,1,1,1,6,1,3,3, ,3, ,5,2,9, ,60189,1952,5,1,2,2,1,1,2,1,1,1
003302,1,2,2,1,3,2,2,2,1,1,1,1,1,1,1,2, ,2,2,1,2,2,1,1,1,2,5,2,1,2,4,2,3,4,1,1,1, ,3, ,1,1,1,2,60617,1940,6,2,1,2,1,1,1,1,1,2
003681,1,2,2,3,2,2,4,2,1,1,1,1,1,9, ,2, ,4,2,1,3,3,2,2,2,2,4,3,2,1,3,2,3,2,2,3,3, ,3, ,1,2,2, ,60091,1930,7,1,2,1,1,1,1,1,1,1
003865,1,2,2,3,2,1,1,2,1,1,2,2,1,2, ,2, ,9,4,2,3,1,1,1,3,2,3,2,2,2,3,3,1,5,3,7, ,10,1,1, ,2,1,2,60564,1979,2,1,6,1,3,3,3,3,3,1
004180,1,2,2,1,1,1,1,9,1,2,2,1,1,2, ,2, ,3,3,2,3,3,2,2,2,3,2,2,2,1,3,2,3,2,2,2,3, ,3, ,1,2,1,1,60628,1966,4,2,1,1,1,1,3,1,1,2
204696,2,2,5,2,3,1,2,2,1,2,2,2,2,1,1,2, ,2,4,1,3,3,4,3,3,2,3,3,3,2,4,3,3,5,3,2,9, ,1,5, ,2,1,1,60016,1956,5,3,4,1,1,1,2,2,1,3
205046,2,2,5,1,1,1,1,2,1,1,1,1,1,2, ,2, ,3,1,1,3,3,3,3,3,3,3,1,1,2,1,1,1,5,1,1,1, ,2,2, ,2,3, ,60613,1990,1,1,1,2,1,1,4,1,1,1
205171,2,2,5,1,1,1,2,2,1,1,1,1,1,2, ,2, ,3,2,1,3,4,4,4,3,2,3,1,1,3,1,1,1,6,1,1,3, ,1,2, ,2,3, ,60615,1982,2,1,4,1,1,1,3,2,1,1
204230,2,3,6,3,3,1,2,2,1,2,2,9,1,1,1,1,1,4,4,1,4,4,4,4,4,3,4,2,2,2,9,2,3,4,9,5, ,10,1,2, ,2,1,1,60447,1977,3,2,6,2,3,3,3,3,3,2
204406,2,3,6,3,2,1,3,2,1,1,1,9,1,1,1,2, ,3,1,3,9,9,9,9,3,9,5,3,2,3,9,1,1,5,1,3,3, ,1,1, ,2,3, ,61607,1989,1,1,3,2,1,1,4,1,1,1
204496,2,3,6,2,2,2,5,1,3,1,1,2,1,2, ,9, ,3,3,1,4,1,1,1,1,4,2,1,1,2,4,4,3,5,3,7, ,4,3, ,1,2,1,2,60550,1941,6,1,4,1,3,3,1,2,3,1
204573,2,3,6,2,2,1,5,1,3,2,1,1,1,1,1,1,1,4,4,2,4,2,2,2,2,2,3,1,2,2,4,2,3,2,3,7, ,3,3, ,1,2,1,2,61704,1939,6,1,3,1,3,3,1,1,3,1
204663,2,3,6,1,2,2,5,2,1,1,1,2,1,1,1,1,2,2,1,1,4,4,4,2,2,2,2,2,1,1,2,2,2,3,1,6, ,10,3, ,3,2,1,1,62702,1947,6,1,6,2,3,3,2,3,3,1
205487,2,2,5,2,2,2,3,2,1,1,1,1,1,1,9,2, ,4,1,2,3,3,3,3,3,3,4,2,2,2,3,2,1,2,2,4, , ,1,3, ,1,3, ,60629,1988,1,2,2,2,2,2,4,1,2,2
204332,2,2,5,2,2,2,3,2,1,9,1,9,1,1,2,2, ,4,9,3,3,3,3,2,3,9,2,3,3,3,1,3,1,3,3,7, ,10,1,3, ,2,1,2,60187,1993,1,1,9,2,3,3,4,9,3,1
204600,2,2,5,1,3,1,1,2,1,1,1,2,1,9, ,2, ,4,1,3,3,3,4,2,3,3,2,2,1,1,1,1,1,6,1,1,9, ,1,1, ,2,3, ,60046,1979,2,1,7,2,1,1,3,4,1,1
204904,2,2,5,3,2,2,5,9,1,1,2,1,1,1,9,9, ,4,1,3,9,4,9,1,1,9,3,2,2,3,1,1,4,4,3,1,3, ,1,3, ,2,2, ,60153,1978,2,2,9,1,1,1,3,9,1,2
204874,2,2,5,2,2,2,2,2,1,2,1,1,1,1,1,1,1,4,2,1,1,3,1,1,1,1,4,1,1,1,1,4,3,2,1,1,1, ,4, , ,2,1,1,60649,1965,4,2,2,1,1,1,3,1,1,2
205201,2,2,5,3,2,1,9,2,1,1,1,1,1,1,2,2, ,9,2,3,3,9,2,2,2,2,4,1,1,1,3,1,1,5,1,1,9, ,1,3, ,1,2, ,60090,1984,2,1,1,2,1,1,4,1,1,1
203978,2,2,5,1,1,1,2,2,1,1,1,1,1,2, ,2, ,3,2,2,3,2,2,1,2,2,5,2,2,2,2,2,1,5,1,3,9, ,2,5, ,2,1,2,60613,1965,4,1,7,2,1,1,3,4,1,1
204262,2,2,5,2,2,2,5,1,1,2,2,2,1,1,2,1,1,4,4,1,4,3,3,4,3,9,2,2,2,2,2,2,3,3,3,7, ,10,3, ,1,2,1,1,60458,1946,6,1,4,1,3,3,1,2,3,1
204424,2,2,5,2,2,2,5,2,3,1,1,2,1,2, ,1,1,4,1,1,1,4,1,1,1,1,2,3,2,1,1,1,1,4,2,1,9, ,4, , ,2,3, ,60002,1959,4,1,3,1,1,1,2,1,1,1
204534,2,2,5,1,2,1,5,2,1,1,1,1,1,9, ,2, ,9,3,2,4,4,4,4,4,1,3,1,1,1,2,2,2,5,2,1,9, ,3, ,3,2,1,3,60538,1935,7,1,3,2,1,1,1,1,1,1
204913,2,2,5,2,2,1,4,1,1,2,2,2,1,1,1,1,1,3,1,1,4,4,4,4,4,1,3,2,2,1,2,2,3,2,3,5, ,10,1,1, ,1,2, ,60014,1973,3,1,3,1,3,3,3,1,3,1
204414,2,2,5,2,2,1,9,2,1,1,1,1,1,9, ,2, ,4,2,1,1,4,1,1,1,2,2,2,1,1,4,2,2,5,3,6, ,10,3, ,5,2,1,1,60048,1945,6,1,4,1,3,3,1,2,3,1
204815,2,2,5,2,2,2,4,2,1,1,2,2,1,2, ,1,1,4,1,1,4,4,4,4,4,4,3,1,2,1,3,1,2,3,1,2,9, ,2,1, ,2,3, ,62711,1967,4,7,9,1,1,1,3,9,1,7
204237,2,3,6,2,1,2,9,1,3,2,2,2,1,1,9,1,1,4,2,1,4,4,4,4,4,2,2,2,2,1,1,1,1,3,1,4, , ,2,5, ,2,1,2,61488,1986,2,1,1,2,2,2,4,1,2,1
204562,2,3,6,1,1,1,9,2,1,1,2,1,1,1,1,2, ,4,4,2,4,4,1,1,4,1,3,2,2,2,4,3,1,1,3,7, ,2,4, , ,2,1,2,61103,1969,3,2,1,1,3,3,3,1,3,2
204782,2,3,6,2,2,1,4,2,1,2,2,2,2,1,1,1,1,3,3,1,2,2,4,1,4,3,2,2,2,2,2,3,2,2,2,4, , ,3, ,1,2,1,2,62298,1942,6,1,1,2,2,2,1,1,2,1
205403,2,3,6,2,2,2,5,1,3,2,2,2,1,1,1,1,2,4,2,1,2,1,1,1,1,4,2,2,2,1,2,2,2,6,3,6, ,2,1,5, ,2,1,2,60957,1946,6,1,9,1,3,3,1,9,3,1
203865,2,1,4,2,2,1,5,2,1,2,1,1,1,1,2,2, ,3,2,1,4,2,3,4,4,4,2,2,1,1,1,1,1,5,3,6, ,10,1,1, ,1,1,2,60487,1970,3,1,6,1,3,3,3,3,3,1
203886,2,1,4,2,2,1,5,2,3,2,2,2,2,2, ,1,2,4,4,1,4,4,3,3,3,3,5,2,2,2,4,3,3,7,3,6, ,10,2,5, ,2,3, ,60514,0,9,7,9,1,3,3,0,9,3,7
004358,1,3,3,2,2,1,5,2,1,1,1,2,1,9, ,1,1,4,1,1,4,3,2,3,2,2,2,1,1,1,4,2,2,4,2,4, , ,3, ,2,2,1,2,62526,1935,7,1,2,2,2,2,1,1,2,1
004406,1,3,3,2,2,1,5,1,3,2,2,2,2,1,1,1,1,2,1,1,9,9,1,1,2,2,2,3,2,1,1,3,1,6,2,5, ,3,1,9, ,2,1,2,61536,1959,4,1,7,2,3,3,2,4,3,1
005167,1,3,3,2,2,2,5,1,3,2,2,2,1,2, ,1,1,3,2,1,3,2,3,3,3,3,2,2,1,1,4,2,1,5,9,4, , ,1,1, ,2,1,2,99999,1977,3,1,9,1,2,2,3,9,2,1
005297,1,3,3,3,2,2,5,2,1,1,2,1,1,1,1,2, ,3,1,1,2,1,1,1,1,3,2,2,1,1,1,1,2,5,2,2,3, ,1,2, ,2,1,1,60929,1965,4,1,4,2,1,1,3,2,1,1
005564,1,3,3,2,2,1,4,1,3,2,2,2,1,1,1,2, ,3,4,2,2,4,2,4,2,9,2,2,2,1,4,3,2,6,3,5, ,10,3, ,5,2,1,2,62801,1932,7,1,4,1,3,3,1,2,3,1
004791,1,2,2,1,2,2,5,2,1,1,2,1,1,2, ,2, ,4,3,2,4,4,4,4,4,2,2,2,2,2,2,1,1,3,1,2,3, ,3, ,4,2,1,1,60429,1936,7,2,3,2,1,1,1,1,1,2
004890,1,2,2,1,2,2,4,2,1,1,1,1,1,1,1,2, ,3,2,2,2,1,1,4,3,1,3,2,1,1,4,2,2,2,2,2,2, ,3, ,1,2,1,2,60656,1943,6,1,4,2,1,1,1,2,1,1
005350,1,2,2,1,2,2,2,2,1,1,1,2,1,2, ,2, ,4,1,1,3,2,2,1,3,3,3,2,2,2,1,1,1,5,1,2,9, ,1,1, ,2,1,2,60642,1961,4,1,5,1,1,1,2,2,1,1
005565,1,2,2,2,2,1,4,1,3,2,1,2,1,1,1,1,9,4,2,1,3,3,3,1,1,2,2,2,2,1,4,1,1,5,3,7, ,10,1,1, ,2,1,2,60564,1973,3,1,7,1,3,3,3,4,3,1
004715,1,2,2,2,2,1,2,2,1,1,2,2,1,1,1,1,9,4,1,3,1,2,4,2,4,1,1,2,2,1,4,3,2,4,3,5, ,8,3, ,1,2,1,1,60048,1931,7,1,9,2,3,3,1,9,3,1
005284,1,2,2,2,2,1,2,2,1,1,9,9,1,2, ,2, ,2,1,1,2,2,2,2,1,2,3,1,1,2,1,1,1,5,1,2,9, ,3, ,2,2,2, ,60540,1936,7,1,4,2,1,1,1,2,1,1
005339,1,2,2,3,2,1,3,2,1,1,1,9,1,2, ,2, ,4,4,1,1,1,1,1,1,1,1,2,1,1,1,1,1,6,2,1,2, ,3, ,2,2,1,2,60304,1942,6,1,4,1,1,1,1,2,1,1
005480,1,2,2,3,2,1,2,9,1,1,1,2,1,1,2,9, ,2,9,1,1,1,1,1,1,2,3,1,1,1,2,2,2,5,3,6, ,10,2,5, ,2,1,2,60143,1943,6,1,9,1,3,3,1,9,3,1
005604,1,2,2,2,2,1,9,1,3,2,2,2,1,1,1,1,2,2,2,1,1,1,3,1,1,1,2,1,2,1,1,1,1,4,3,5, ,3,3, ,5,2,2, ,60035,1937,7,1,9,1,3,3,1,9,3,1
004374,1,1,1,1,2,2,2,2,1,1,1,1,1,2, ,2, ,4,3,1,4,2,2,3,2,4,3,1,1,2,2,3,1,6,1,1,9, ,1,4, ,1,1,2,60612,1974,3,1,5,2,1,1,3,2,1,1
004796,1,1,1,1,1,1,2,2,1,1,1,1,1,2, ,2, ,4,1,1,2,2,2,3,2,3,3,1,2,1,1,1,1,6,1,1,3, ,1,2, ,1,3, ,60605,1979,2,1,5,2,1,1,3,2,1,1
004887,1,1,1,2,2,2,3,9,1,1,9,2,1,2, ,1,2,9,1,1,1,4,1,1,1,1,2,2,1,2,9,3,2,5,3,7, ,10,4, , ,2,3, ,99999,1947,6,1,7,2,3,3,2,4,3,1
005043,1,1,1,1,3,1,9,2,1,1,1,1,1,9, ,2, ,4,1,1,9,9,1,2,2,9,3,2,2,1,1,1,1,6,1,1,9, ,3, ,9,2,1,2,60611,1948,5,1,9,2,1,1,2,9,1,1
002383,1,3,3,2,2,1,9,2,1,1,1,2,1,1,9,1,1,4,1,1,1,4,1,1,1,4,2,2,2,1,9,2,2,2,3,6, ,2,1,1, ,2,1,2,62420,1959,4,1,4,2,3,3,2,2,3,1
005082,1,1,1,2,2,3,2,2,1,1,1,1,1,9, ,2, ,4,9,1,9,2,2,3,4,9,3,1,1,2,4,2,1,6,1,3,1, ,3, ,4,2,1,2,60610,1929,7,1,3,2,1,1,1,1,1,1
005283,1,1,1,1,2,1,2,9,3,1,2,1,1,2, ,2, ,2,4,2,1,3,1,1,1,1,3,2,2,2,1,1,1,6,2,3,1, ,3, ,1,2,2, ,60611,1935,7,1,4,1,1,1,1,2,1,1
005551,1,1,1,3,3,3,1,2,1,1,1,1,1,1,1,2, ,9,9,3,4,4,1,4,3,4,4,2,2,1,1,4,4,3,9,9, , ,2,9, ,2,1,1,99999,0,9,7,9,2, ,9,0,9,9,7
005319,1,2,2,1,2,1,2,2,1,1,1,2,1,2, ,1,1,2,2,1,1,2,1,1,1,2,3,2,2,2,1,2,1,5,2,4, , ,1,1, ,2,1,2,60657,1969,3,1,5,1,2,2,3,2,2,1
005516,1,2,2,1,2,2,3,1,1,1,1,2,1,1,2,2, ,4,4,1,1,4,4,1,1,9,2,1,1,1,4,1,3,4,2,3,8, ,2,1, ,2,1,2,60193,1939,6,1,6,1,1,1,1,3,1,1
005818,1,3,3,1,2,2,5,2,1,2,2,2,1,1,1,9, ,4,4,1,4,4,4,1,1,1,2,2,2,2,4,2,1,2,1,3,3, ,4, , ,1,1,2,61364,1962,4,1,4,2,1,1,2,2,1,1
005899,1,3,3,1,2,1,4,2,1,1,1,2,1,2, ,9, ,9,9,3,1,9,2,1,1,4,5,2,2,1,2,1,1,2,1,2,9, ,1,9, ,2,1,2,60487,1948,5,1,9,2,1,1,2,9,1,1
006004,1,3,3,2,2,2,5,2,3,1,1,2,1,2, ,1,1,4,1,2,1,3,2,1,1,1,2,2,2,2,1,2,3,2,3,7, ,2,1,1, ,2,1,2,60431,1950,5,1,5,1,3,3,2,2,3,1
005868,1,1,1,3,3,1,2,2,1,1,1,1,1,9, ,9, ,9,9,1,3,9,2,2,2,9,3,1,2,3,9,1,4,5,1,1,2, ,3, ,5,2,2, ,60614,1941,6,1,9,1,1,1,1,9,1,1
006108,1,1,1,1,2,2,5,2,1,2,2,2,1,2, ,2, ,4,1,1,4,4,1,1,4,1,2,2,1,1,4,1,3,6,1,1,8, ,3, ,4,2,1,1,60605,1927,7,2,5,1,1,1,1,2,1,2
006146,1,1,1,2,3,3,9,2,1,1,2,1,1,9, ,2, ,4,9,1,4,1,2,2,4,9,3,2,2,1,3,2,1,1,1,1,1, ,3, ,1,2,1,2,60616,1928,7,2,1,2,1,1,1,1,1,2
005833,1,2,2,2,2,1,3,2,1,9,2,1,1,1,2,2, ,2,3,3,4,4,4,1,4,1,2,2,2,3,1,2,2,2,9,9, , ,3, ,3,2,1,1,60632,0,9,1,1,2, ,9,0,1,9,1
003171,1,3,3,2,2,1,5,2,1,1,1,1,1,1,1,2, ,3,2,1,3,9,2,1,2,3,2,2,2,2,2,2,1,2,3,4, , ,3, ,1,2,1,2,62269,1942,6,1,2,2,2,2,1,1,2,1
006064,1,2,2,2,2,1,5,1,1,2,2,2,1,1,1,1,1,4,2,1,1,1,1,1,1,2,2,2,2,2,2,2,2,6,3,5, ,3,1,1, ,2,1,2,60439,1973,3,1,7,1,3,3,3,4,3,1
006124,1,2,2,1,2,2,1,2,1,1,2,1,2,1,1,1,1,3,2,1,3,4,3,4,4,3,1,2,2,1,4,2,3,2,3,1,2, ,3, ,2,2,1,2,60621,1934,7,2,1,2,1,1,1,1,1,2
006210,1,2,2,2,2,2,5,2,1,2,2,2,1,2, ,2, ,4,1,1,4,1,4,1,4,1,2,2,2,1,4,2,3,2,3,7, ,10,3, ,1,2,1,2,60056,1940,6,1,2,2,3,3,1,1,3,1
006085,1,3,3,3,2,2,3,2,1,1,1,1,1,2, ,2, ,2,2,1,3,3,3,3,3,3,2,2,2,2,3,2,2,5,2,2,9, ,1,1, ,2,1,1,62626,1961,4,1,5,1,1,1,2,2,1,1
006145,1,3,3,2,3,1,9,1,3,1,2,2,1,2, ,1,1,4,2,1,4,4,2,3,2,9,3,3,1,1,4,2,3,6,3,5, ,10,3, ,3,1,1,1,62095,1933,7,1,5,1,3,3,1,2,3,1
005731,1,2,2,1,2,2,3,2,1,2,1,1,1,2, ,9, ,4,1,1,4,9,1,4,4,4,2,3,2,3,2,1,1,3,2,3,1, ,3, ,1,2,1,2,60534,1935,7,1,3,2,1,1,1,1,1,1
003721,1,3,3,2,2,1,2,2,3,1,1,2,1,1,1,9, ,4,1,2,2,4,3,3,9,3,2,2,2,1,4,3,3,3,3,7, ,2,3, ,1,2,1,2,62557,1942,6,1,6,1,3,3,1,3,3,1
005854,1,2,2,2,2,1,4,1,3,2,2,2,1,1,2,1,2,2,2,1,1,2,1,1,1,2,1,2,2,1,3,3,1,6,3,7, ,3,1,1, ,2,1,1,60565,1969,3,1,7,1,3,3,3,4,3,1
005967,1,2,2,3,2,1,4,2,1,1,1,2,1,2, ,2, ,4,1,1,2,1,1,1,1,4,3,2,1,1,1,1,1,5,2,3,9, ,1,5, ,2,3, ,60510,1958,4,1,6,1,1,1,2,3,1,1
006155,1,2,2,2,2,2,5,2,1,1,1,1,1,1,2,2, ,4,1,1,1,1,1,1,1,4,3,2,1,2,1,1,1,2,2,2,3, ,1,1, ,2,1,2,60477,1960,4,1,3,2,1,1,2,1,1,1
006087,1,2,2,2,2,2,9,2,1,2,1,1,1,2, ,2, ,4,3,2,9,3,2,2,2,2,3,2,2,1,4,2,3,2,3,6, ,1,3, ,9,2,1,2,60634,1926,7,1,9,2,3,3,1,9,3,1
006150,1,2,2,3,1,3,2,2,1,2,1,1,1,9, ,2, ,3,1,2,1,9,1,2,3,9,2,3,1,1,9,3,1,4,1,1,2, ,3, ,3,2,1,2,60629,1924,7,1,2,2,1,1,1,1,1,1
006203,1,2,2,1,1,2,9,9,9,9,9,9,1,9, ,9, ,4,1,1,4,3,1,1,4,1,3,2,2,1,4,4,1,3,2,9, , ,3, ,1,2,1,2,99999,1940,6,4,9,1, ,9,1,9,9,3
005643,1,1,1,1,3,1,9,2,1,1,1,1,1,2, ,2, ,3,2,1,4,9,2,9,4,9,3,1,1,2,1,1,1,6,1,1,2, ,3, ,3,2,3, ,60611,1944,6,1,9,2,1,1,1,9,1,1
005658,1,1,1,1,3,1,3,2,1,1,1,2,1,2, ,2, ,3,9,2,4,4,4,4,4,3,3,1,2,1,2,1,1,6,1,1,3, ,3, ,3,2,1,2,60654,1940,6,1,5,2,1,1,1,2,1,1
001109,1,1,1,1,2,2,3,2,1,1,2,1,1,1,1,1,1,9,2,3,4,2,1,4,1,4,1,2,2,3,9,3,2,5,2,9, , ,3, ,5,2,1,3,60302,1940,6,1,3,2, ,9,1,1,9,1
006318,1,2,2,2,3,3,5,1,3,2,2,2,1,1,1,1,2,2,2,3,3,9,4,4,4,4,2,2,2,2,1,1,2,4,9,2,1, ,1,9, ,1,3, ,60453,1957,5,1,2,1,1,1,2,1,1,1
006323,1,2,2,2,2,2,5,1,3,2,2,2,1,9, ,9, ,4,2,1,4,1,9,1,1,1,2,2,3,1,4,3,3,4,3,7, ,1,1,1, ,2,1,2,60560,1972,3,1,7,1,3,3,3,4,3,1
006333,1,2,2,1,2,1,5,1,2,2,2,2,1,9, ,1,1,4,1,1,3,1,9,4,3,9,2,2,2,1,4,2,1,6,3,7, ,1,1,1, ,2,1,2,60137,1967,4,1,7,1,3,3,3,4,3,1
006352,1,2,2,2,2,2,5,2,1,1,1,2,1,2, ,1,9,4,1,3,1,2,2,2,9,1,3,2,2,2,4,1,1,5,1,6, ,10,1,5, ,2,1,2,60521,1959,4,1,7,1,3,3,2,4,3,1
006354,1,2,2,1,2,1,3,2,1,1,2,2,1,2, ,2, ,3,2,1,4,2,3,3,4,4,3,1,2,3,1,3,1,5,1,3,9, ,1,1, ,2,2, ,60543,1948,5,1,2,2,1,1,2,1,1,1
006359,1,2,2,1,2,2,2,2,1,1,1,2,1,2, ,2, ,4,1,1,4,4,4,1,1,2,2,2,1,1,2,2,1,3,2,3,2, ,3, ,1,1,1,2,60007,1942,6,1,4,2,1,1,1,2,1,1
005241,1,2,2,2,2,2,5,2,1,1,1,2,1,2, ,2, ,4,1,1,1,1,1,1,1,1,3,2,2,1,1,3,2,5,3,5, ,9,1,1, ,2,1,2,60005,1957,5,1,7,1,3,3,2,4,3,1
006372,1,2,2,2,2,2,4,2,1,2,1,1,1,1,1,2, ,4,1,1,4,4,3,3,3,3,4,1,3,3,9,2,1,1,3,1,3, ,1,5, ,1,1,1,60621,1959,4,2,1,2,1,1,2,1,1,2
205533,2,2,5,2,2,1,5,1,3,2,2,2,1,1,1,1,1,3,1,1,4,4,4,4,4,3,2,2,2,1,2,3,3,4,3,7, ,1,1,1, ,1,1,1,60462,1974,3,1,6,2,3,3,3,3,3,1
206029,2,2,5,1,1,1,1,2,1,1,1,2,1,2, ,2, ,3,1,1,4,9,2,4,4,9,2,1,2,2,1,1,1,4,1,1,9, ,1,5, ,2,2, ,60647,1957,5,1,5,2,1,1,2,2,1,1
206452,2,2,5,2,2,1,5,1,1,9,9,2,1,1,9,9, ,4,9,1,1,2,1,1,1,9,2,3,2,1,2,1,2,5,3,7, ,10,2,5, ,2,1,2,60013,1960,4,1,9,2,3,3,2,9,3,1
206224,2,3,6,2,2,1,5,2,3,1,1,2,1,1,1,2, ,4,1,1,4,4,4,4,4,4,3,1,1,2,2,1,2,6,2,2,9, ,1,3, ,1,1,2,61412,1959,4,1,5,2,1,1,2,2,1,1
205551,2,3,6,2,2,2,2,9,3,2,2,2,2,1,2,1,1,3,2,2,3,3,3,3,3,3,2,2,2,1,2,2,4,3,2,2,9, ,1,1, ,2,1,2,62012,1966,4,1,4,1,1,1,3,2,1,1
205806,2,3,6,2,1,1,3,1,1,1,1,9,1,1,2,9, ,4,9,3,4,3,3,1,4,9,2,3,2,2,1,1,1,1,9,4, , ,1,3, ,2,3, ,61264,1988,1,1,2,2,2,2,4,1,2,1
205951,2,3,6,2,2,2,2,2,1,1,1,2,1,1,1,1,1,4,1,1,4,4,4,3,4,4,2,1,2,2,1,1,1,5,1,2,1, ,4, , ,2,1,2,62269,1968,3,2,3,1,1,1,3,1,1,2
206003,2,3,6,2,2,2,3,2,1,2,2,2,1,2, ,1,1,4,3,2,4,3,1,4,3,3,2,2,2,1,2,2,2,2,3,7, ,10,2,3, ,2,1,1,61019,1993,1,1,5,2,3,3,4,2,3,1
206227,2,3,6,1,3,3,2,2,1,1,1,9,1,9, ,2, ,9,9,3,4,9,9,3,3,9,2,3,2,3,2,1,1,3,3,3,9, ,3, ,4,2,1,1,62269,1943,6,1,3,1,1,1,1,1,1,1
206466,2,3,6,1,1,1,2,2,1,1,1,1,1,1,1,2, ,1,1,1,3,2,4,1,2,4,2,2,2,2,4,3,3,3,3,1,1, ,4, , ,2,1,2,61604,1964,4,2,2,2,1,1,2,1,1,2
206599,2,3,6,2,2,2,5,1,1,2,2,2,1,1,1,1,1,2,2,1,1,2,1,1,1,3,2,2,2,2,4,3,3,3,3,7, ,10,1,1, ,2,1,2,61061,1980,2,1,5,1,3,3,3,2,3,1
205809,2,1,4,2,2,2,4,1,1,2,1,1,2,2, ,1,1,2,3,1,3,3,1,1,1,9,2,2,2,2,3,2,3,6,2,4, , ,3, ,1,2,1,1,60090,1950,5,1,7,1,2,2,2,4,2,1
205997,2,1,4,1,2,1,5,2,1,1,1,9,1,2, ,1,1,1,4,2,1,4,4,1,4,2,2,2,2,1,1,1,2,5,3,4, , ,2,1, ,2,3, ,99999,1949,5,1,9,2,2,2,2,9,2,1
206513,2,1,4,3,2,1,5,2,1,9,9,2,2,2, ,2, ,3,3,2,1,4,4,4,1,4,2,1,2,1,1,2,3,3,3,2,9, ,1,1, ,2,1,2,60614,1988,1,2,6,1,1,1,4,3,1,2
205983,2,3,6,2,2,3,5,1,3,2,2,2,1,2, ,1,2,4,2,1,4,4,2,4,2,4,2,2,2,1,1,1,3,2,1,7, ,2,1,5, ,2,1,2,62401,1984,2,1,5,1,3,3,4,2,3,1
206325,2,3,6,2,2,2,5,1,1,2,2,2,1,1,1,1,1,3,1,1,4,3,3,4,4,9,5,2,1,1,1,2,1,4,1,2,3, ,1,2, ,1,3, ,62801,1987,2,1,2,2,1,1,4,1,1,1
206468,2,3,6,2,2,2,5,1,3,2,2,2,1,1,2,1,1,4,1,3,2,3,3,4,4,4,2,1,2,1,1,1,1,2,2,9, , ,1,5, ,2,3, ,61761,1989,1,1,1,2, ,9,4,1,9,1
206514,2,3,6,1,1,1,3,2,1,1,2,2,1,2, ,2, ,4,2,2,4,3,3,4,4,4,2,1,2,1,1,1,1,4,1,1,1, ,1,1, ,1,1,2,61401,1992,1,5,5,1,1,1,4,2,1,3
204469,2,3,6,2,2,2,5,2,1,1,1,2,1,2, ,1,1,4,1,1,1,2,9,4,4,9,2,2,2,1,1,1,1,3,3,6, ,9,1,1, ,2,1,2,61364,1965,4,1,5,2,3,3,3,2,3,1
206266,2,2,5,1,2,1,2,2,1,2,2,2,1,2, ,2, ,4,4,1,4,1,2,1,1,1,3,1,1,1,2,4,1,6,1,2,9, ,3, ,1,2,2, ,60521,1948,5,1,7,2,1,1,2,4,1,1
200687,2,1,4,1,3,2,4,2,1,1,1,2,1,9, ,1,1,2,1,3,9,4,1,1,1,1,3,2,1,1,1,2,1,6,1,3,2, ,1,4, ,1,1,2,60645,1948,5,1,5,2,1,1,2,2,1,1
206727,2,2,5,1,1,1,2,2,1,1,1,2,1,2, ,2, ,9,2,2,9,2,2,1,2,9,1,1,1,2,1,1,1,6,1,3,8, ,1,2, ,2,3, ,60189,1946,6,1,7,2,1,1,1,4,1,1
206732,2,2,5,1,1,1,1,1,1,2,1,2,1,1,2,1,1,3,3,1,4,2,4,4,4,3,2,2,2,1,1,1,1,6,1,1,1, ,3, ,3,2,1,2,60473,1933,7,2,5,1,1,1,1,2,1,2
206754,2,2,5,1,2,1,4,2,1,1,1,1,1,1,1,2, ,4,3,2,4,1,1,1,1,4,2,2,2,2,4,2,1,3,3,2,1, ,1,5, ,2,1,2,60136,1978,2,1,4,2,1,1,3,2,1,1
206810,2,2,5,1,2,1,9,1,3,2,2,2,1,1,1,2, ,2,2,1,4,4,1,1,4,1,2,1,1,1,1,1,1,3,1,2,2, ,1,3, ,2,1,2,60192,1961,4,1,5,2,1,1,2,2,1,1
206982,2,2,5,2,1,2,2,1,1,1,2,2,1,1,1,2, ,4,1,2,3,3,2,1,3,2,4,2,1,1,2,1,2,3,3,3,9, ,2,5, ,2,1,2,60411,1977,3,1,2,1,1,1,3,1,1,1
206742,2,1,4,2,2,1,2,2,1,1,1,2,1,1,1,1,1,3,1,2,2,2,3,3,2,2,4,1,1,1,1,2,2,3,1,2,1, ,4, , ,2,2, ,60616,1993,1,3,1,2,1,1,4,1,1,3
206784,2,1,4,1,3,3,1,1,1,1,1,1,1,1,9,2, ,2,4,2,3,2,4,4,4,3,1,2,1,1,1,2,2,3,2,3,1, ,1,1, ,1,1,2,60628,1955,5,2,4,1,1,1,2,2,1,2
206868,2,3,6,2,2,3,4,1,2,2,2,2,2,1,2,1,2,3,2,1,3,2,3,2,2,4,2,2,2,2,4,2,3,6,3,6, ,10,1,3, ,1,1,1,62085,1972,3,1,4,1,3,3,3,2,3,1
207088,2,3,6,2,2,1,5,1,3,2,2,2,1,1,2,1,1,2,1,1,4,1,2,4,4,3,5,2,2,1,1,1,3,2,3,9, , ,1,1, ,1,1,2,62236,1957,5,1,7,1, ,9,2,4,9,1
204619,2,2,5,2,2,1,2,2,1,1,2,1,1,9, ,1,1,3,1,1,2,1,1,1,2,1,2,2,1,1,1,2,1,5,3,5, ,10,1,1, ,2,1,2,60803,1982,2,1,5,2,3,3,3,2,3,1
207149,2,3,6,2,2,1,5,1,3,1,2,1,1,9, ,1,1,4,1,2,1,9,1,4,4,4,2,2,2,1,1,2,4,2,3,9, , ,3, ,1,1,2, ,61846,1951,5,1,9,1, ,9,2,9,9,1
206897,2,1,4,2,2,2,4,2,1,2,1,2,1,2, ,2, ,3,1,2,4,4,4,4,4,1,2,1,2,1,4,2,3,2,1,1,3, ,2,9, ,1,1,1,60649,1954,5,2,1,2,1,1,2,1,1,2
207022,2,1,4,1,2,1,1,2,1,1,2,2,1,2, ,2, ,9,2,1,1,2,2,1,1,1,1,1,1,1,1,1,1,5,1,1,1, ,1,5, ,2,1,3,60302,1950,5,1,9,1,1,1,2,9,1,1
207077,2,1,4,2,2,3,4,2,1,1,2,2,1,1,2,1,1,4,2,1,4,3,3,2,4,4,2,1,2,1,1,2,1,3,2,5, ,8,4, , ,2,3, ,60016,1993,1,1,6,1,3,3,4,3,3,1
207650,2,1,4,1,3,2,2,2,1,1,1,9,1,1,2,2, ,9,2,3,4,1,4,4,4,4,2,2,2,1,1,1,3,3,2,1,2, ,1,1, ,2,1,1,60606,1950,5,2,7,2,1,1,2,4,1,2
204154,2,2,5,1,1,1,2,2,1,1,1,1,1,2, ,2, ,4,2,1,4,3,2,2,2,3,1,2,1,2,1,1,1,6,1,1,1, ,1,9, ,2,8, ,60625,1976,3,1,7,1,1,1,3,4,1,1
207742,2,1,4,1,2,1,2,2,1,1,1,1,1,2, ,2, ,4,3,1,3,4,2,1,3,1,3,1,1,2,2,1,1,5,1,2,3, ,1,2, ,1,1,2,60201,1965,4,1,7,1,1,1,3,4,1,1
207539,2,2,5,2,2,1,5,1,3,2,2,2,1,1,1,1,2,2,2,1,2,3,3,3,2,1,2,2,2,2,2,2,2,3,2,4, , ,1,1, ,2,1,2,60041,0,9,1,9,1,2,2,0,9,2,1
006720,1,2,2,1,2,1,4,2,1,1,1,9,1,1,1,2, ,4,1,1,4,3,9,4,4,1,2,3,1,1,1,1,1,6,9,3,3, ,3, ,3,2,1,2,60048,1943,6,1,6,2,1,1,1,3,1,1
006854,1,2,2,2,2,2,5,1,1,1,2,9,1,1,1,9, ,3,2,2,4,4,4,2,3,9,1,2,2,3,1,2,2,2,9,9, , ,3, ,5,2,1,2,99999,1939,6,1,9,1, ,9,1,9,9,1
007323,1,2,2,1,2,2,2,2,1,1,1,1,1,2, ,1,1,3,2,1,4,2,4,4,4,3,3,2,2,1,4,2,2,5,1,1,9, ,1,3, ,1,1,1,60827,1954,5,2,3,2,1,1,2,1,1,2
006501,1,1,1,3,2,2,5,9,3,1,1,2,1,2, ,9, ,4,9,1,2,1,2,1,1,4,2,3,1,2,3,2,2,6,3,9, , ,3, ,1,2,1,2,60614,1940,6,1,3,1, ,9,1,1,9,1
006578,1,1,1,2,2,1,2,2,1,1,1,1,1,2, ,2, ,3,1,1,1,1,2,1,1,1,2,2,2,1,1,1,2,4,1,3,9, ,3, ,2,2,1,2,60610,1952,5,1,1,2,1,1,2,1,1,1
006592,1,1,1,2,2,2,5,2,3,1,1,2,1,2, ,1,1,4,1,1,1,1,1,1,1,1,2,2,2,2,4,3,2,6,2,4, , ,1,5, ,2,1,4,60610,1950,5,1,5,1,2,2,2,2,2,1
006805,1,1,1,2,2,2,4,1,1,1,1,2,1,2, ,1,1,3,1,1,4,4,2,4,4,4,3,2,2,2,4,2,1,6,1,3,9, ,1,3, ,2,3, ,60610,1947,6,1,5,2,1,1,2,2,1,1
006914,1,1,1,2,2,2,2,2,1,1,1,2,1,1,2,2, ,4,4,2,4,4,4,4,4,3,2,2,2,1,2,2,3,1,3,1,1, ,1,2, ,2,1,1,60616,1952,5,2,1,2,1,1,2,1,1,2
007089,1,1,1,1,1,1,2,2,1,1,1,2,1,2, ,2, ,9,2,3,3,2,2,2,4,2,3,2,2,2,2,1,1,5,1,1,9, ,2,5, ,1,9, ,60642,1944,6,1,5,2,1,1,1,2,1,1
007259,1,1,1,1,2,3,2,2,1,1,1,2,1,9, ,2, ,4,1,1,1,1,1,1,3,1,3,1,2,2,1,1,1,3,1,1,9, ,3, ,1,2,3, ,60610,1931,7,1,1,2,1,1,1,1,1,1
006774,1,1,1,1,1,1,2,9,1,1,1,2,1,1,1,2, ,2,2,2,2,3,2,2,3,3,3,3,1,1,1,1,1,5,1,3,9, ,2,5, ,2,1,2,60606,1945,6,1,7,2,1,1,1,4,1,1
007084,1,1,1,1,2,1,5,1,3,2,9,2,1,2, ,2, ,4,1,1,2,2,9,2,3,2,2,2,1,1,1,3,1,6,3,9, , ,1,1, ,2,3, ,60616,1969,3,1,7,1, ,9,3,4,9,1
007302,1,1,1,1,2,2,2,2,3,1,1,2,2,1,2,1,1,2,2,1,1,1,1,1,1,2,3,1,2,2,1,3,1,2,1,1,3, ,3, ,9,2,1,2,60614,1956,5,1,1,1,1,1,2,1,1,1
006393,1,3,3,2,2,1,4,1,3,2,2,2,1,9, ,1,1,4,2,1,4,3,2,2,4,4,2,2,2,1,2,2,2,6,3,5, ,10,3, ,3,2,1,2,62401,1948,5,1,4,1,3,3,2,2,3,1
006432,1,3,3,2,2,2,4,1,3,2,2,2,1,1,1,1,1,3,2,1,1,2,2,1,1,3,2,3,1,1,4,2,2,6,3,6, ,10,2,1, ,2,1,2,62864,1976,3,1,5,2,3,3,3,2,3,1
006496,1,3,3,3,2,3,4,9,1,1,1,1,1,1,1,9, ,9,9,3,9,9,9,3,3,9,5,2,3,1,3,2,3,1,3,2,3, ,3, ,1,2,1,1,61115,1948,5,1,2,2,1,1,2,1,1,1
006564,1,3,3,2,2,2,5,9,3,9,9,1,1,1,2,2, ,4,2,1,1,9,2,3,3,2,2,2,2,2,9,2,2,5,3,5, ,10,1,1, ,2,1,2,60423,1962,4,1,3,1,3,3,2,1,3,1
006692,1,3,3,2,2,3,9,1,1,1,1,2,1,2, ,2, ,3,3,2,2,1,1,1,1,4,2,2,1,2,1,2,2,2,3,7, ,10,3, ,5,2,1,2,61285,1931,7,1,3,2,3,3,1,1,3,1
006832,1,3,3,1,2,2,5,2,1,1,1,9,1,1,1,2, ,9,2,1,2,3,2,1,1,2,3,2,2,1,2,1,1,3,1,3,9, ,1,2, ,2,1,2,62702,1953,5,1,3,2,1,1,2,1,1,1
006879,1,3,3,2,2,1,9,1,1,2,1,2,1,2, ,2, ,4,3,1,1,1,1,4,4,4,2,2,2,2,4,2,2,2,3,9, , ,1,3, ,1,1,2,60531,1942,6,1,4,1, ,9,1,2,9,1
006931,1,3,3,1,1,1,2,2,3,1,1,2,1,2, ,2, ,4,1,1,3,3,2,2,2,3,3,1,2,2,3,2,1,6,1,2,9, ,1,1, ,2,1,2,62208,1946,6,1,5,1,1,1,1,2,1,1
006707,1,2,2,2,2,2,5,1,9,2,2,2,1,2, ,1,1,3,4,2,9,2,4,4,4,4,2,2,2,2,1,3,2,2,3,4, , ,3, ,1,1,1,2,60655,1934,7,1,9,2,2,2,1,9,2,1
006813,1,2,2,2,2,1,4,9,3,2,2,2,1,1,1,1,2,4,2,1,4,4,4,3,4,2,1,1,1,1,1,1,1,2,9,2,9, ,1,1, ,2,3, ,60084,1966,4,1,5,1,1,1,3,2,1,1
006884,1,2,2,3,2,3,9,2,1,1,1,1,1,1,9,2, ,9,9,1,4,4,3,4,3,2,2,2,2,2,2,1,4,2,9,4, , ,3, ,1,2,1,2,60440,1934,7,1,1,2,2,2,1,1,2,1
006981,1,2,2,2,2,2,4,1,1,1,9,9,2,2, ,2, ,4,4,1,3,3,4,9,4,4,2,2,1,2,2,2,2,3,1,1,1, ,3, ,3,1,1,2,60620,1926,7,2,1,1,1,1,1,1,1,2
007311,1,2,2,1,2,1,4,2,1,2,1,2,1,2, ,2, ,3,1,1,1,1,1,1,1,4,2,2,2,2,2,2,2,6,2,5, ,5,3, ,5,2,3, ,60515,1947,6,1,4,1,3,3,2,2,3,1
207942,2,2,5,1,2,1,2,2,1,1,2,2,1,2, ,2, ,4,3,1,3,2,1,1,1,3,3,2,1,1,2,2,1,5,2,6, ,10,4, , ,2,3, ,60126,1989,1,1,6,1,3,3,4,3,3,1
208110,2,2,5,1,2,1,2,2,1,1,1,2,1,2, ,2, ,2,2,1,4,4,2,2,2,1,2,1,1,1,1,2,1,5,1,1,1, ,1,1, ,1,1,2,60425,1957,5,2,6,1,1,1,2,3,1,2
208160,2,2,5,2,2,2,3,9,1,9,1,9,9,1,1,1,1,4,9,1,3,4,1,3,3,9,5,1,1,3,2,2,1,3,9,4, , ,1,1, ,2,1,2,60629,1980,2,1,1,2,2,2,3,1,2,1
208208,2,2,5,2,2,1,5,2,1,1,1,2,1,1,1,1,1,4,2,1,4,4,4,2,4,2,2,1,1,1,1,2,1,2,1,5, ,10,3, ,5,2,1,2,60490,1943,6,1,1,2,3,3,1,1,3,1
208561,2,2,5,2,2,2,5,1,3,2,2,2,2,1,2,1,2,4,2,1,1,4,1,1,1,4,2,2,2,2,4,1,2,5,3,7, ,2,1,1, ,2,1,2,60564,1960,4,1,7,1,3,3,2,4,3,1
208099,2,1,4,2,1,1,2,1,9,9,2,2,9,1,2,2, ,1,9,1,4,9,2,3,9,1,2,2,2,1,4,2,2,2,3,7, ,10,1,1, ,1,1,1,99999,1952,5,7,9,1,3,3,2,9,3,7
208458,2,1,4,1,3,1,2,2,1,1,1,2,1,2, ,1,1,4,2,2,9,2,2,2,2,9,3,2,1,1,2,2,1,5,1,1,9, ,1,1, ,2,3, ,60614,1981,2,1,6,1,1,1,3,3,1,1
208496,2,1,4,2,2,2,5,1,3,2,2,2,1,1,1,1,2,9,4,1,1,4,1,1,1,4,2,1,1,1,2,2,2,3,2,4, , ,1,5, ,2,2, ,60652,1971,3,4,4,1,2,2,3,2,2,3
205553,2,2,5,3,2,1,1,1,1,1,2,2,1,9, ,2, ,4,9,3,9,3,1,2,1,1,3,2,1,1,2,1,1,5,1,1,1, ,2,1, ,2,1,2,60007,1961,4,1,5,2,1,1,2,2,1,1
207889,2,3,6,1,1,2,5,1,1,1,2,2,1,1,1,1,1,4,1,1,1,4,1,4,4,2,3,1,3,1,1,1,1,2,1,9, , ,1,5, ,2,2, ,61761,1983,2,1,3,2, ,9,3,1,9,1
208084,2,3,6,2,2,2,5,1,3,2,2,2,1,1,1,1,1,4,4,1,2,3,3,3,4,3,2,2,2,1,1,2,3,3,3,4, , ,1,1, ,2,1,1,62549,1985,2,1,4,1,2,2,4,2,2,1
208231,2,3,6,2,2,2,4,1,1,1,2,2,1,2, ,2, ,3,9,2,3,2,2,3,3,1,3,2,1,2,1,2,2,5,3,6, ,10,4, , ,2,1,2,61443,1959,4,1,3,1,3,3,2,1,3,1
208411,2,3,6,3,3,2,1,2,1,1,1,1,1,1,1,1,1,1,1,1,9,9,9,1,1,9,4,3,1,3,1,1,1,5,9,9, , ,4, , ,2,2, ,61107,1979,2,1,5,2, ,9,3,2,9,1
008175,1,2,2,1,2,1,3,2,1,1,1,1,1,2, ,2, ,4,1,1,1,1,1,1,1,2,1,1,1,2,1,1,1,5,1,1,2, ,1,5, ,2,3, ,60618,1964,4,1,6,2,1,1,2,3,1,1
008232,1,2,2,3,2,1,5,2,1,2,1,1,1,2, ,2, ,4,1,1,1,1,1,1,1,1,3,2,2,2,4,1,1,5,2,5, ,2,3, ,1,2,3, ,60002,1934,7,1,5,1,3,3,1,2,3,1
008422,1,2,2,1,3,1,9,2,1,1,1,1,1,2, ,9, ,4,2,3,2,9,9,3,4,3,2,2,1,2,1,2,1,2,1,1,9, ,2,1, ,2,1,2,60514,1942,6,1,9,2,1,1,1,9,1,1
007397,1,3,3,2,2,1,4,1,3,1,9,9,1,9, ,9, ,3,9,3,3,9,9,3,2,3,1,2,1,2,3,2,2,2,3,7, ,3,3, ,9,1,1,2,61434,1922,7,1,2,2,3,3,1,1,3,1
007500,1,3,3,2,2,1,5,1,3,1,1,2,1,1,1,1,1,4,2,1,1,1,1,1,1,1,3,2,2,3,4,3,3,5,3,5, ,10,3, ,1,2,1,2,62305,1940,6,1,2,1,3,3,1,1,3,1
007532,1,3,3,2,2,1,5,1,3,2,2,2,1,1,2,1,1,2,2,1,2,3,2,2,2,3,2,2,2,2,4,3,2,2,3,6, ,3,3, ,2,2,1,2,61559,1938,6,1,3,2,3,3,1,1,3,1
007665,1,3,3,1,2,1,1,2,1,1,1,1,1,2, ,2, ,1,1,2,2,4,1,1,1,4,3,1,1,1,4,2,1,5,1,2,1, ,3, ,1,1,1,2,61704,1944,6,1,5,1,1,1,1,2,1,1
007724,1,3,3,2,2,1,2,2,3,1,1,2,1,1,1,2, ,3,2,2,3,2,1,1,1,2,2,2,1,2,4,3,3,3,3,2,9, ,3, ,3,2,1,1,99999,1931,7,1,2,2,1,1,1,1,1,1
007902,1,3,3,1,2,1,4,2,1,2,1,1,1,1,1,1,1,2,2,1,2,3,2,1,2,2,2,2,2,1,4,2,3,2,2,1,3, ,3, ,5,2,2, ,61074,1940,6,1,2,1,1,1,1,1,1,1
008005,1,3,3,2,2,3,5,1,3,2,2,2,1,1,1,1,9,3,2,1,1,2,2,1,2,2,2,2,1,2,2,2,3,5,3,5, ,1,3, ,2,2,1,2,62960,1934,7,1,9,2,3,3,1,9,3,1
008129,1,3,3,1,2,2,4,1,1,1,1,2,1,2, ,2, ,4,1,2,1,3,2,4,4,2,2,1,1,2,2,2,2,2,1,1,8, ,1,1, ,1,3, ,61544,1971,3,1,5,1,1,1,3,2,1,1
008341,1,3,3,1,2,1,2,2,1,1,1,2,1,2, ,2, ,4,2,3,9,9,9,9,9,9,2,2,2,2,3,2,4,2,1,1,9, ,1,5, ,2,1,2,60951,1953,5,1,4,2,1,1,2,2,1,1
007359,1,1,1,2,2,2,3,1,3,1,1,2,1,1,1,1,1,4,1,1,1,1,4,4,4,1,2,1,1,2,4,3,3,6,9,4, , ,3, ,5,2,1,1,60605,1935,7,2,1,2,2,2,1,1,2,2
007520,1,1,1,1,2,2,9,2,1,2,2,1,1,2, ,1,1,4,1,1,3,4,3,4,4,2,3,1,2,1,2,1,1,5,3,7, ,10,3, ,1,2,1,2,60610,1948,5,1,2,2,3,3,2,1,3,1
007725,1,1,1,1,2,1,4,2,1,1,1,2,1,2, ,2, ,4,1,1,1,1,1,2,2,2,2,2,2,1,2,2,1,6,1,3,2, ,1,1, ,2,1,2,60605,1953,5,1,6,1,1,1,2,3,1,1
007802,1,1,1,1,1,1,3,2,1,1,1,1,1,2, ,2, ,3,2,1,4,4,2,2,4,1,2,2,1,2,4,2,3,3,1,1,2, ,4, , ,2,1,2,60610,1953,5,2,4,2,1,1,2,2,1,2
007870,1,1,1,2,2,1,4,2,1,1,1,1,1,2, ,2, ,3,2,1,2,2,2,1,1,2,3,2,2,2,1,2,1,6,2,3,2, ,3, ,5,2,3, ,60610,1950,5,1,5,2,1,1,2,2,1,1
008080,1,1,1,1,2,2,5,2,1,1,1,1,1,2, ,2, ,1,2,1,3,2,2,2,1,2,2,2,2,1,2,1,1,5,2,3,9, ,1,1, ,2,3, ,60605,1974,3,3,6,1,1,1,3,3,1,3
008419,1,1,1,1,1,2,1,2,1,1,2,1,1,1,1,2, ,4,1,1,4,4,4,4,1,3,3,2,2,2,4,3,3,5,2,7, ,8,2,5, ,2,2, ,60622,1964,4,1,2,2,3,3,2,1,3,1
007346,1,2,2,2,2,1,3,1,1,1,2,2,1,2, ,1,1,4,2,1,1,4,4,3,4,9,2,2,2,2,2,2,3,4,3,6, ,8,3, ,3,2,1,1,60008,1945,6,1,3,2,3,3,1,1,3,1
007731,1,2,2,1,1,1,1,2,1,2,1,1,1,2, ,2, ,3,2,1,4,1,1,4,4,3,1,1,2,1,1,1,1,5,1,1,1, ,1,4, ,1,3, ,60660,1958,4,1,6,1,1,1,2,3,1,1
007885,1,2,2,2,2,1,5,2,1,2,2,2,1,1,2,2, ,4,2,2,4,1,4,4,4,3,2,2,2,1,1,2,1,4,3,7, ,5,1,1, ,2,1,2,60563,1966,4,1,4,2,3,3,3,2,3,1
008033,1,2,2,1,2,1,5,9,3,2,9,2,1,1,2,9, ,4,2,1,1,2,2,2,9,4,3,2,3,1,2,1,3,2,1,6, ,10,3, ,4,2,1,2,60467,1937,7,1,9,2,3,3,1,9,3,1
008108,1,2,2,2,2,1,9,2,1,1,1,1,1,1,1,2, ,4,2,1,3,3,1,2,2,4,2,2,2,2,4,1,3,5,3,6, ,10,2,5, ,2,1,2,60074,1972,3,1,7,2,3,3,3,4,3,1
008160,1,2,2,1,2,2,5,2,1,1,2,1,1,2, ,2, ,1,1,1,3,2,2,1,1,3,2,2,2,1,1,1,1,3,2,3,3, ,1,1, ,2,1,2,60107,1963,4,1,2,2,1,1,2,1,1,1
008421,1,2,2,1,2,1,1,2,1,1,1,2,1,2, ,2, ,4,2,3,2,1,2,2,3,1,2,2,2,2,2,2,1,6,1,1,1, ,3, ,2,2,1,2,60615,1940,6,1,7,1,1,1,1,4,1,1
007372,1,3,3,2,3,3,2,9,1,1,2,2,9,1,1,9, ,9,2,2,9,3,9,9,9,9,2,1,3,2,2,1,3,5,2,9, , ,3, ,1,2,1,2,61614,1929,7,1,9,1, ,9,1,9,9,1
007449,1,3,3,1,1,1,2,2,1,1,2,1,1,2, ,2, ,9,9,3,4,9,4,4,4,4,1,1,1,2,4,3,2,2,1,3,9, ,3, ,9,1,1,1,60436,1932,7,2,9,2,1,1,1,9,1,2
007539,1,3,3,2,2,1,5,9,1,2,2,2,1,1,1,9, ,9,2,3,4,4,4,4,3,3,2,2,3,2,4,3,2,6,3,6, ,10,3, ,3,2,1,1,62411,1941,6,1,3,2,3,3,1,1,3,1
007851,1,3,3,1,2,1,1,2,1,1,1,2,1,2, ,2, ,3,1,2,4,4,2,4,4,4,2,2,2,1,1,1,2,5,2,9, , ,1,3, ,2,1,2,61569,1952,5,1,5,2, ,9,2,2,9,1
008119,1,3,3,2,2,2,5,1,3,2,2,2,1,1,1,1,2,4,2,1,3,9,2,2,2,4,2,2,2,1,9,2,2,4,3,5, ,5,1,1, ,1,1,2,61883,1955,5,1,5,1,3,3,2,2,3,1
008205,1,3,3,1,2,2,5,2,1,1,1,2,1,9, ,2, ,4,1,1,2,1,4,4,4,2,3,2,1,1,1,1,1,6,1,1,3, ,2,2, ,1,2, ,61108,1961,4,1,3,2,1,1,2,1,1,1
008333,1,3,3,1,2,1,2,2,1,1,1,2,1,2, ,2, ,2,1,1,4,1,3,2,2,3,3,1,1,1,2,2,1,3,1,1,1, ,3, ,1,2,1,2,61025,1944,6,1,2,1,1,1,1,1,1,1
007396,1,2,2,2,2,3,5,1,3,2,2,2,1,1,1,1,2,4,1,1,4,2,3,2,4,4,2,2,2,3,1,1,3,2,9,2,9, ,1,1, ,2,1,2,62642,1960,4,1,9,1,1,1,2,9,1,1
007490,1,2,2,2,3,1,3,2,1,1,1,2,1,9, ,2, ,4,2,2,3,3,2,2,1,3,2,2,2,2,9,3,2,2,2,7, ,10,3, ,9,2,1,2,60464,1933,7,1,9,2,3,3,1,9,3,1
007674,1,2,2,1,1,1,2,2,1,1,1,1,1,1,1,2, ,2,1,1,4,4,4,4,4,4,3,2,1,1,1,1,1,5,2,1,1, ,2,3, ,2,1,2,60162,1956,5,2,6,2,1,1,2,3,1,2
007846,1,2,2,1,1,1,9,2,3,1,1,2,2,2, ,2, ,9,9,2,9,3,4,4,4,4,3,3,2,2,1,1,1,4,1,1,3, ,9, , ,1,3, ,60516,1955,5,1,6,1,1,1,2,3,1,1
008026,1,2,2,2,2,2,5,2,1,1,1,1,1,1,1,2, ,4,1,1,2,4,4,1,1,4,2,1,2,2,4,3,3,3,2,1,3, ,3, ,9,2,1,1,60064,1948,5,2,2,2,1,1,2,1,1,2
008098,1,2,2,2,2,2,3,1,1,1,9,2,1,2, ,1,1,4,4,1,3,9,2,1,1,9,2,3,2,1,1,1,1,3,2,4, , ,2,1, ,2,2, ,60013,1951,5,1,6,2,2,2,2,3,2,1
008132,1,2,2,2,2,1,2,2,1,1,1,2,1,2, ,9, ,4,1,1,2,1,1,1,1,1,3,2,1,3,2,1,2,3,3,6, ,9,3, ,1,2,1,2,60093,1944,6,1,2,2,3,3,1,1,3,1
008328,1,2,2,2,3,1,5,2,1,1,1,1,1,9, ,2, ,4,1,1,1,1,1,1,1,4,3,1,1,2,4,2,2,6,2,7, ,10,3, ,3,2,1,1,60062,1927,7,1,5,2,3,3,1,2,3,1
007494,1,2,2,1,3,3,2,2,1,1,1,2,1,2, ,1,1,4,1,1,3,2,3,4,4,4,3,2,2,1,1,2,2,3,2,1,3, ,3, ,1,2,1,2,60428,0,9,2,1,2,1,1,0,1,1,2
007634,1,2,2,3,3,1,9,2,9,1,2,1,1,1,2,1,1,4,2,2,4,4,4,4,4,1,1,1,2,1,1,1,1,1,3,3,3, ,4, , ,2,1,2,99999,1994,1,2,9,2,1,1,4,9,1,2
007718,1,2,2,1,2,1,2,2,1,1,2,1,1,1,2,2, ,3,1,1,4,4,1,4,4,1,2,2,2,2,1,2,3,4,2,1,3, ,1,5, ,2,1,1,60617,1964,4,2,5,2,1,1,2,2,1,2
008083,1,2,2,1,1,1,2,1,1,1,1,2,1,1,1,1,2,4,2,1,3,2,2,2,2,4,3,1,1,1,4,1,3,2,9,7, ,8,1,1, ,1,1,2,60617,1959,4,1,7,1,3,3,2,4,3,1
008345,1,2,2,2,2,2,5,2,1,1,1,1,1,1,2,2, ,4,1,2,1,1,1,1,1,4,2,2,3,2,4,3,3,5,3,6, ,2,1,1, ,2,1,2,60042,1957,5,1,7,1,3,3,2,4,3,1
208960,2,2,5,3,3,1,2,9,3,2,2,2,1,2, ,2, ,2,1,1,2,2,4,4,4,1,3,2,1,2,2,1,1,3,2,2,9, ,1,5, ,2,1,2,60193,1963,4,1,6,1,1,1,2,3,1,1
209701,2,2,5,1,1,2,1,2,1,1,1,2,1,1,1,1,1,4,4,1,1,4,1,4,4,1,3,2,2,1,1,2,1,2,1,1,1, ,1,1, ,1,1,2,60637,1951,5,2,3,2,1,1,2,1,1,2
209733,2,2,5,2,1,1,1,2,1,1,1,2,1,2, ,2, ,3,1,1,4,3,2,2,2,3,3,2,1,1,2,1,1,5,2,3,1, ,9, , ,2,3, ,60047,1946,6,1,7,1,1,1,1,4,1,1
208941,2,3,6,2,2,2,5,1,3,2,2,2,2,1,1,1,9,9,2,3,4,1,4,4,4,4,2,2,2,2,1,2,3,2,3,7, ,1,3, ,1,1,3, ,62268,1952,5,1,4,1,3,3,2,2,3,1
209046,2,3,6,1,2,2,4,2,1,1,1,2,1,2, ,2, ,2,2,2,2,9,2,2,2,3,3,1,1,1,1,1,1,5,1,3,3, ,1,3, ,1,3, ,62704,1975,3,1,5,1,1,1,3,2,1,1
209257,2,3,6,2,2,2,2,2,1,2,1,2,1,1,1,1,1,3,2,1,4,9,4,4,4,2,2,3,2,1,1,2,3,3,1,1,3, ,3, ,1,2,1,2,60481,1940,6,1,1,2,1,1,1,1,1,1
209802,2,3,6,1,1,1,9,2,1,1,1,1,1,1,1,2, ,4,1,1,3,3,4,3,4,1,3,2,2,2,1,3,1,3,1,1,3, ,2,3, ,2,3, ,62522,1991,1,2,1,2,1,1,4,1,1,2
208702,2,2,5,1,1,2,2,2,1,1,1,2,1,2, ,2, ,3,3,2,2,3,2,2,4,4,1,1,2,1,1,1,1,5,1,3,3, ,1,1, ,1,2, ,60646,1969,3,1,4,1,1,1,3,2,1,1
208187,2,1,4,1,1,1,1,2,1,2,1,1,1,1,2,1,1,1,1,1,1,1,1,1,4,1,2,2,2,2,4,2,3,3,9,1,1, ,2,1, ,2,1,2,60638,1962,4,1,2,1,1,1,2,1,1,1
209390,2,2,5,2,2,2,4,2,1,1,1,1,1,1,1,2, ,4,1,2,9,4,4,4,4,1,2,1,1,2,4,2,1,4,2,4, , ,1,1, ,2,1,2,60046,1966,4,1,7,2,2,2,3,4,2,1
208970,2,1,4,1,2,1,5,2,1,1,1,2,1,1,2,2, ,1,1,1,2,1,1,2,2,1,3,1,1,1,1,1,1,6,1,1,2, ,1,1, ,2,1,2,60611,1976,3,1,7,1,1,1,3,4,1,1
209057,2,2,5,2,2,2,5,2,1,1,1,1,1,1,1,2, ,4,2,1,1,2,2,1,1,1,2,2,1,1,2,3,1,3,2,3,1, ,1,1, ,1,1,1,60714,1990,1,2,3,2,1,1,4,1,1,2
209253,2,2,5,2,1,2,2,1,3,1,2,1,1,1,1,1,1,1,1,2,3,2,1,1,1,2,2,2,1,1,1,1,1,3,2,6, ,8,4, , ,2,1,2,60515,1992,1,1,5,2,3,3,4,2,3,1
209294,2,2,5,1,1,1,2,2,1,2,1,1,1,1,1,1,1,2,2,1,4,4,1,4,4,1,4,2,2,2,4,1,1,5,2,6, ,10,4, , ,2,1,2,60614,1989,1,1,1,2,3,3,4,1,3,1
207874,2,2,5,2,3,1,2,1,3,1,1,2,1,1,1,1,1,2,1,1,3,2,3,2,2,2,4,2,1,1,2,1,1,3,1,3,1, ,4, , ,2,2, ,60089,1994,1,1,9,2,1,1,4,9,1,1
008714,1,2,2,2,2,3,4,2,1,1,1,1,1,2, ,2, ,4,1,1,1,1,1,2,1,1,3,1,2,2,1,1,2,5,1,3,2, ,3, ,1,2,1,2,60629,1937,7,1,3,1,1,1,1,1,1,1
008777,1,2,2,2,2,2,5,1,3,2,1,2,1,1,9,1,1,4,4,1,3,3,2,3,3,3,3,2,2,1,4,1,4,2,3,2,8, ,4, , ,1,1,2,60455,1953,5,1,5,2,1,1,2,2,1,1
009268,1,2,2,1,1,3,2,2,1,1,1,1,1,2, ,2, ,4,2,1,4,4,4,3,4,1,3,1,2,1,2,2,2,6,2,3,1, ,3, ,4,2,1,2,60615,1947,6,1,5,2,1,1,2,2,1,1
009631,1,2,2,1,2,1,5,1,3,2,1,2,1,1,1,1,1,4,1,2,1,4,1,1,4,1,3,1,1,1,4,1,1,5,2,6, ,10,3, ,3,2,1,2,60083,1941,6,1,5,2,3,3,1,2,3,1
009813,1,2,2,1,2,2,5,2,1,1,1,1,1,1,9,2, ,4,4,2,9,4,4,4,4,4,2,2,2,2,3,1,1,3,2,1,3, ,1,2, ,2,1,2,60506,1957,5,1,2,2,1,1,2,1,1,1
009920,1,2,2,1,3,3,4,2,1,1,1,1,1,1,2,2, ,2,1,1,4,3,4,4,4,4,2,2,2,2,2,2,3,5,2,1,3, ,1,1, ,2,1,1,60620,1961,4,2,4,2,1,1,2,2,1,2
009866,1,2,2,1,2,1,2,2,1,1,1,2,1,2, ,2, ,3,1,1,3,3,3,1,4,9,2,1,1,2,1,2,1,3,2,3,3, ,3, ,4,2,1,2,60069,1930,7,1,4,2,1,1,1,2,1,1
010110,1,2,2,1,1,1,2,2,1,2,2,1,1,1,1,9, ,3,1,1,4,3,3,3,3,2,2,2,1,2,1,2,1,3,1,3,3, ,2,1, ,2,3, ,60645,1953,5,1,4,1,1,1,2,2,1,1
008547,1,2,2,2,2,2,5,1,3,2,1,2,1,1,1,1,1,4,1,1,1,4,4,1,1,1,5,2,1,1,4,3,3,3,3,5, ,8,3, ,1,2,1,2,60060,1941,6,1,3,1,3,3,1,1,3,1
008698,1,2,2,2,2,2,9,2,3,2,9,2,1,1,1,1,2,4,2,3,2,4,1,2,2,2,4,2,2,2,4,2,3,5,3,7, ,10,2,2, ,2,1,1,60013,1970,3,1,2,2,3,3,3,1,3,1
008760,1,2,2,1,2,1,2,2,1,1,2,2,1,2, ,1,1,4,1,1,3,2,2,3,3,2,3,1,1,2,2,1,1,6,1,2,3, ,4, , ,2,1,2,60076,1965,4,1,7,2,1,1,3,4,1,1
008924,1,2,2,2,3,1,2,2,1,2,1,2,1,2, ,1,2,2,3,3,1,1,2,4,3,3,2,2,2,1,1,4,2,4,2,2,1, ,4, , ,1,1,2,60417,1956,5,1,6,2,1,1,2,3,1,1
009282,1,2,2,2,2,1,4,2,1,1,1,2,1,9, ,2, ,9,2,1,4,4,9,4,4,9,2,2,2,1,2,3,4,2,3,9, , ,2,1, ,1,1,2,60505,1954,5,1,9,2, ,9,2,9,9,1
009489,1,2,2,2,2,3,3,2,1,1,1,9,1,2, ,9, ,3,1,1,9,9,2,2,2,9,2,3,3,2,2,3,2,5,1,9, , ,3, ,1,2,1,2,60004,1949,5,1,9,2, ,9,2,9,9,1
009578,1,2,2,3,3,3,2,2,1,1,1,1,1,2, ,2, ,4,3,1,4,9,3,4,4,4,2,2,2,2,4,4,2,5,3,9, , ,9, , ,9,9, ,60090,0,9,7,9,2, ,9,0,9,9,7
009865,1,2,2,3,3,3,9,2,9,2,9,9,1,9, ,2, ,9,9,3,9,9,1,2,1,2,3,3,2,1,4,3,4,6,9,9, , ,3, ,1,2,1,2,60053,0,9,7,9,2, ,9,0,9,9,7
010007,1,2,2,2,2,2,5,1,3,2,1,2,1,1,1,1,1,4,1,1,1,1,1,1,1,1,3,1,2,1,1,2,2,3,1,2,3, ,1,5, ,2,1,2,60061,1974,3,1,5,1,1,1,3,2,1,1
009835,1,3,3,2,2,3,3,2,1,1,2,1,1,1,2,1,1,3,1,1,2,1,2,3,3,9,2,2,2,2,2,2,1,2,3,7, ,10,3, ,2,2,1,2,60403,1930,7,1,9,2,3,3,1,9,3,1
008558,1,1,1,2,2,2,5,1,3,2,2,2,2,2, ,1,2,4,2,2,4,9,2,2,2,2,2,2,2,2,2,1,3,5,3,7, ,4,1,5, ,2,1,2,60610,1957,5,1,3,1,3,3,2,1,3,1
008745,1,1,1,1,1,1,2,2,1,1,1,1,1,2, ,2, ,2,2,1,3,3,2,2,3,3,1,1,1,1,1,1,1,6,1,3,3, ,1,1, ,2,2, ,60622,1969,3,1,5,2,1,1,3,2,1,1
008971,1,1,1,2,2,2,2,2,1,1,1,1,1,2, ,1,1,3,2,2,1,2,1,1,1,2,2,1,2,1,1,3,2,5,1,3,1, ,3, ,5,2,1,2,60610,0,9,1,2,2,1,1,0,1,1,1
009449,1,1,1,2,2,2,4,1,1,1,1,2,1,9, ,1,1,4,2,1,1,2,1,4,4,2,2,1,2,1,1,1,2,4,3,5, ,10,1,1, ,2,1,2,60616,1948,5,1,5,2,3,3,2,2,3,1
009898,1,3,3,2,2,2,4,1,3,9,9,2,1,2, ,1,1,3,1,1,1,1,1,1,1,2,2,1,2,2,4,1,4,6,3,6, ,10,3, ,5,2,1,2,62966,1933,7,1,4,1,3,3,1,2,3,1
008542,1,3,3,2,2,2,5,1,3,2,1,2,1,1,2,1,2,4,9,1,1,1,1,4,1,2,2,2,2,1,4,2,1,2,3,7, ,3,1,1, ,2,1,2,61533,1960,4,1,9,1,3,3,2,9,3,1
008701,1,3,3,2,2,1,3,2,3,1,1,1,1,1,2,2, ,3,1,1,4,3,1,1,1,2,3,2,1,2,4,2,3,2,2,6, ,10,3, ,3,2,1,2,61475,1944,6,1,2,2,3,3,1,1,3,1
008773,1,3,3,2,2,1,4,1,3,2,2,2,1,1,9,1,1,2,2,1,3,3,3,3,3,2,2,2,2,2,4,2,3,2,3,6, ,3,2,4, ,1,1,1,61517,1962,4,1,4,2,3,3,2,2,3,1
009069,1,3,3,2,2,3,3,1,1,9,2,9,1,1,1,9, ,4,2,2,4,3,4,4,4,4,2,2,2,3,3,1,2,4,3,7, ,10,1,3, ,1,1,2,60098,1965,4,1,6,2,3,3,3,3,3,1
009269,1,3,3,2,2,1,4,1,3,2,2,2,1,2, ,1,1,4,2,1,1,2,1,1,1,1,2,2,2,2,2,3,3,4,3,6, ,6,1,5, ,2,1,1,62463,1951,5,1,3,1,3,3,2,1,3,1
009371,1,3,3,2,2,3,5,9,1,1,1,2,1,2, ,2, ,4,2,1,2,1,2,1,2,3,3,2,1,2,2,2,2,6,2,4, , ,1,4, ,2,1,2,60435,1968,3,1,5,2,2,2,3,2,2,1
009591,1,3,3,1,2,1,4,9,3,1,1,2,1,1,2,1,1,4,1,1,4,2,4,4,4,1,2,2,1,1,2,1,1,2,2,3,9, ,1,1, ,1,3, ,62010,1956,5,1,5,1,1,1,2,2,1,1
009672,1,3,3,1,1,3,5,9,9,9,1,9,9,9, ,2, ,4,4,2,9,9,9,4,9,4,1,2,3,2,4,4,4,2,9,9, , ,4, , ,2,8, ,99999,1964,4,1,9,2, ,9,2,9,9,1
009817,1,3,3,2,3,1,1,1,1,2,1,2,1,1,1,1,1,1,1,1,1,1,1,1,1,1,2,1,1,2,4,2,3,4,9,7, ,3,1,1, ,2,1,1,62363,1954,5,1,2,1,3,3,2,1,3,1
008575,1,3,3,1,2,1,5,1,1,2,1,2,1,1,1,1,1,3,2,1,3,4,3,2,1,3,2,1,2,1,2,3,2,2,2,2,3, ,3, ,4,1,1,1,62097,1938,6,1,5,2,1,1,1,2,1,1
008684,1,3,3,2,2,1,5,2,1,1,1,1,1,2, ,2, ,4,1,1,3,2,2,2,1,2,2,1,2,2,4,2,2,5,3,7, ,2,3, ,1,2,1,2,62521,1926,7,1,5,2,3,3,1,2,3,1
008763,1,3,3,1,2,1,2,2,1,1,1,2,1,1,1,2, ,4,1,1,2,2,2,1,2,3,2,1,1,1,1,2,2,4,1,3,3, ,3, ,1,2,1,2,61111,1937,7,1,1,1,1,1,1,1,1,1
008781,1,3,3,2,2,1,5,1,1,2,2,2,1,1,1,1,1,4,4,2,4,4,1,1,1,1,2,2,2,1,2,1,2,2,2,7, ,10,3, ,3,2,1,2,60441,0,9,1,9,1,3,3,0,9,3,1
008056,1,1,1,2,2,1,1,2,1,1,1,1,1,1,2,1,1,4,1,1,3,3,1,1,1,3,2,1,2,1,1,2,1,3,1,1,1, ,3, ,5,2,3, ,60610,1922,7,1,6,2,1,1,1,3,1,1
008991,1,3,3,1,1,1,2,2,1,1,1,1,1,1,1,1,1,4,1,1,3,2,4,2,4,2,2,3,2,1,1,1,1,2,1,2,9, ,2,1, ,2,1,2,60051,1973,3,1,6,2,1,1,3,3,1,1
009138,1,3,3,2,2,2,5,1,3,2,2,2,1,2, ,1,2,4,3,2,1,1,1,1,1,2,2,2,2,1,4,2,2,3,3,7, ,1,3, ,1,2,1,2,61108,1936,7,1,3,1,3,3,1,1,3,1
009214,1,3,3,2,2,2,2,2,1,1,1,2,1,2, ,2, ,4,1,1,3,4,2,2,4,2,2,1,1,1,2,2,1,5,1,3,9, ,3, ,5,2,1,2,62946,1946,6,1,5,2,1,1,1,2,1,1
009354,1,3,3,2,2,2,5,1,3,2,2,2,1,1,2,1,1,4,1,1,4,3,4,4,3,1,2,2,2,1,4,2,2,3,9,4, , ,4, , ,1,1,1,60403,1969,3,1,9,1,2,2,3,9,2,1
009607,1,3,3,2,2,1,4,1,1,1,1,1,1,9, ,1,1,4,4,2,4,1,1,1,1,1,3,2,1,1,4,2,2,2,3,2,3, ,3, ,1,2,1,2,60936,1943,6,1,1,1,1,1,1,1,1,1
009673,1,3,3,1,3,3,9,2,1,1,1,1,1,2, ,2, ,3,2,3,2,1,2,2,2,9,5,3,1,2,1,3,2,6,1,3,9, ,3, ,2,2,1,2,62221,1933,7,1,1,1,1,1,1,1,1,1
009768,1,3,3,1,1,1,2,2,1,1,1,9,1,1,1,1,1,9,1,1,3,3,3,3,3,9,4,2,2,3,9,3,1,5,1,3,9, ,1,2, ,2,1,2,62445,1957,5,1,1,2,1,1,2,1,1,1
009961,1,3,3,1,2,1,4,1,1,1,1,2,1,1,1,1,1,4,2,1,2,4,4,4,9,2,3,1,1,2,1,2,2,2,1,3,9, ,3, ,4,2,1,2,62263,1936,7,1,2,1,1,1,1,1,1,1
008497,1,3,3,1,2,2,5,1,1,2,2,2,1,2, ,2, ,4,4,3,4,1,4,4,4,9,2,2,2,1,1,1,1,4,9,1,9, ,1,3, ,2,1,2,62864,1969,3,2,5,2,1,1,3,2,1,2
008738,1,3,3,3,3,3,9,1,1,9,2,2,1,9, ,1,9,9,9,2,3,3,2,1,3,9,2,2,2,2,4,2,3,2,1,9, , ,3, ,1,9,1,3,62702,1937,7,1,9,1, ,9,1,9,9,1
008910,1,3,3,3,2,3,9,2,1,1,1,2,1,1,1,2, ,2,2,2,2,2,2,2,2,9,2,2,1,1,2,2,2,2,1,2,3, ,3, ,3,2,1,2,62294,0,9,1,1,2,1,1,0,1,1,1
009172,1,3,3,3,3,3,2,2,1,1,1,2,1,2, ,2, ,4,4,1,4,1,2,3,2,3,3,2,1,2,1,1,1,6,1,3,9, ,2,3, ,2,2, ,60115,1957,5,7,7,2,1,1,2,4,1,7
009315,1,3,3,2,2,1,5,1,3,2,2,2,2,2, ,1,1,4,4,1,1,4,4,1,1,1,2,2,2,2,4,2,2,5,3,7, ,10,1,1, ,1,1,2,60444,1963,4,1,7,1,3,3,2,4,3,1
009617,1,3,3,2,2,2,9,9,9,2,9,2,1,1,1,1,1,4,1,1,4,4,2,1,4,1,3,1,2,1,1,2,1,6,2,4, , ,3, ,3,2,1,2,60115,1939,6,1,4,1,2,2,1,2,2,1
009821,1,3,3,2,2,2,5,1,1,1,9,2,1,1,1,1,1,4,2,1,1,3,2,1,1,1,3,1,1,1,1,2,1,4,2,4, , ,1,2, ,2,1,2,62072,1962,4,1,5,1,2,2,2,2,2,1
008831,1,2,2,1,1,1,1,2,1,2,2,1,1,1,1,2, ,1,1,1,1,1,1,1,2,1,3,2,1,1,1,1,2,2,3,1,3, ,2,1, ,2,1,2,60455,1949,5,4,3,1,1,1,2,1,1,3
009255,1,2,2,1,2,1,4,2,1,1,1,1,1,2, ,2, ,4,1,1,4,4,4,2,2,2,2,1,1,2,2,1,1,6,1,2,3, ,2,2, ,2,1,2,60048,1951,5,1,5,2,1,1,2,2,1,1
009417,1,2,2,2,2,2,5,1,3,1,1,2,1,2, ,1,2,4,9,2,3,4,4,4,4,3,2,2,2,2,4,3,3,6,3,3,2, ,1,1, ,2,1,2,60411,1936,7,2,1,2,1,1,1,1,1,2
009618,1,2,2,3,2,2,4,2,1,2,1,1,1,1,2,2, ,4,1,1,4,1,4,4,4,4,2,2,1,1,1,2,1,5,1,3,9, ,1,4, ,1,1,2,60629,1958,4,4,3,2,1,1,2,1,1,3
010068,1,2,2,2,2,1,4,2,1,1,1,2,1,1,2,2, ,3,2,1,2,1,1,2,1,1,3,2,2,2,4,1,2,3,3,6, ,5,3, ,1,2,1,2,60532,1950,5,1,3,2,3,3,2,1,3,1
008676,1,2,2,1,1,1,2,2,1,1,1,1,1,1,2,2, ,4,2,1,2,2,2,2,2,2,3,1,2,2,2,1,1,2,1,1,1, ,3, ,9,2,1,2,60102,1933,7,1,2,2,1,1,1,1,1,1
008758,1,2,2,2,2,3,2,2,1,1,1,1,1,2, ,1,1,1,1,1,2,1,1,1,1,9,3,1,1,1,1,2,1,6,1,2,1, ,3, ,5,2,1,2,60120,1941,6,1,5,1,1,1,1,2,1,1
008839,1,2,2,2,2,3,4,1,1,1,1,2,1,2, ,1,1,4,9,2,2,2,2,2,2,2,2,2,2,2,1,1,1,3,9,9, , ,1,1, ,2,2, ,60076,1946,6,1,1,1, ,9,1,1,9,1
009201,1,2,2,2,2,2,5,2,1,1,1,1,1,1,1,2, ,4,1,1,4,4,2,1,1,4,3,2,1,1,1,1,1,6,1,2,9, ,1,3, ,1,3, ,60612,1978,2,1,6,2,1,1,3,3,1,1
009339,1,2,2,1,2,1,2,2,1,1,1,2,1,2, ,9, ,2,1,1,4,3,3,3,3,3,3,1,2,1,2,2,1,6,2,2,2, ,1,1, ,1,1,2,60510,1960,4,1,7,1,1,1,2,4,1,1
009472,1,2,2,2,2,1,2,1,3,1,9,2,1,2, ,1,1,4,2,1,3,4,3,1,4,4,3,1,1,1,1,3,2,5,3,7, ,2,3, ,4,2,1,2,60559,1948,5,1,4,1,3,3,2,2,3,1
009533,1,2,2,1,2,2,4,2,1,2,1,2,1,1,1,2, ,2,2,1,2,9,2,3,3,3,2,1,1,1,1,2,1,3,1,1,2, ,4, , ,1,1,2,60638,1952,5,1,3,2,1,1,2,1,1,1
009657,1,2,2,2,2,2,9,9,1,1,1,1,1,9, ,2, ,9,2,3,4,2,3,4,3,4,3,3,2,2,4,3,3,2,3,7, ,10,4, , ,2,1,1,60181,1951,5,1,9,2,3,3,2,9,3,1
009951,1,2,2,1,3,3,1,2,1,1,1,2,1,2, ,2, ,3,1,1,4,2,2,1,1,3,2,2,2,1,2,1,1,6,2,3,1, ,3, ,1,2,3, ,60087,1939,6,1,4,1,1,1,1,2,1,1
209989,2,3,6,1,2,2,2,1,3,2,2,2,1,2, ,2, ,4,2,2,4,4,4,2,2,3,3,1,1,1,3,2,4,5,3,1,9, ,1,1, ,1,1,2,61341,1964,4,1,7,1,1,1,2,4,1,1
210431,2,3,6,2,2,2,1,2,1,1,1,1,1,1,1,2, ,4,3,1,4,4,1,1,4,4,3,2,1,1,4,3,2,1,3,2,1, ,3, ,1,2,1,1,61104,1946,6,1,1,2,1,1,1,1,1,1
210620,2,3,6,1,2,1,4,2,1,1,1,2,1,2, ,2, ,9,3,1,3,2,1,1,1,2,3,1,1,2,2,1,1,4,2,4, , ,1,1, ,2,3, ,61745,1973,3,1,5,1,2,2,3,2,2,1
210215,2,2,5,1,1,1,1,2,1,1,1,2,1,2, ,2, ,2,3,3,4,2,2,2,2,3,2,2,2,1,2,1,1,6,1,1,1, ,3, ,9,2,1,2,60056,1936,7,1,7,1,1,1,1,4,1,1
211026,2,3,6,1,2,1,2,2,1,1,1,2,1,2, ,1,1,4,1,1,4,3,2,1,1,2,3,1,1,1,3,1,1,6,2,6, ,10,3, ,4,2,1,2,62249,1959,4,1,6,2,3,3,2,3,3,1
210127,2,2,5,2,2,3,5,9,1,1,1,2,1,1,1,2, ,1,4,1,4,4,4,4,4,1,5,2,2,2,1,2,1,4,3,4, , ,2,1, ,2,1,2,60020,1976,3,1,1,1,2,2,3,1,2,1
210477,2,2,5,1,3,3,9,2,1,1,1,9,1,1,2,2, ,3,2,1,3,2,4,4,3,3,2,2,2,2,2,2,3,6,9,2,3, ,1,1, ,2,1,1,60443,1967,4,2,5,2,1,1,3,2,1,2
210634,2,2,5,1,3,3,2,2,1,2,2,2,1,2, ,2, ,4,1,2,2,4,4,4,3,4,3,2,2,1,1,2,2,3,2,1,1, ,4, , ,2,1,1,60484,1963,4,2,1,1,1,1,2,1,1,2
210904,2,2,5,2,2,1,3,1,3,2,2,2,1,2, ,1,1,4,1,1,4,2,2,2,4,2,3,2,1,1,1,1,1,5,1,2,2, ,1,1, ,1,1,2,60120,1951,5,1,5,1,1,1,2,2,1,1
210985,2,2,5,1,2,1,4,2,1,1,1,2,1,1,1,1,1,4,2,1,2,1,1,1,1,2,2,2,2,1,1,1,2,5,1,2,3, ,1,1, ,2,1,1,60525,1962,4,1,6,2,1,1,2,3,1,1
210360,2,1,4,1,1,2,2,2,1,1,1,1,1,1,1,1,1,4,1,2,4,4,4,4,4,4,2,2,1,2,1,1,1,5,2,1,3, ,1,5, ,2,1,2,60619,1974,3,2,5,2,1,1,3,2,1,2
210569,2,1,4,2,2,2,5,1,3,2,2,2,1,1,1,1,2,4,2,3,2,4,4,3,3,3,2,2,2,3,2,2,2,5,3,7, ,10,1,1, ,2,1,2,60657,1966,4,4,7,2,3,3,3,4,3,3
211308,2,1,4,1,2,1,4,2,1,2,1,1,1,2, ,1,1,3,2,1,3,3,2,2,4,3,4,2,2,1,1,1,1,5,1,2,3, ,1,4, ,2,3, ,60618,1981,2,1,4,2,1,1,3,2,1,1
210321,2,2,5,1,1,2,2,2,1,1,1,1,1,2, ,1,1,4,1,1,1,1,1,1,1,4,2,2,2,1,1,2,3,6,2,1,9, ,1,1, ,2,2, ,60467,1971,3,3,6,1,1,1,3,3,1,3
210995,2,1,4,1,2,2,5,2,1,1,1,2,1,2, ,2, ,4,1,1,4,1,4,4,4,1,3,1,2,2,1,1,1,2,1,1,3, ,1,3, ,1,1,2,60615,1945,6,2,4,2,1,1,1,2,1,2
211176,2,1,4,1,3,1,3,1,1,9,1,2,1,1,1,2, ,3,2,1,4,4,2,4,4,4,2,2,2,2,2,4,1,3,3,9, , ,1,4, ,2,1,1,60554,1965,4,7,9,2, ,9,3,9,9,7
210368,2,1,4,1,2,3,5,2,1,2,2,2,1,2, ,2, ,4,4,2,4,1,4,4,1,1,2,2,1,1,1,1,2,2,1,1,9, ,1,3, ,2,1,1,60636,1956,5,2,1,2,1,1,2,1,1,2
210900,2,1,4,1,3,1,2,2,1,1,1,2,1,2, ,2, ,2,2,1,1,1,1,4,4,1,5,1,2,1,1,1,1,3,1,2,1, ,1,1, ,2,1,2,62226,1988,1,2,2,2,1,1,4,1,1,2
010702,1,2,2,2,2,1,2,2,1,1,1,2,1,1,1,1,1,4,1,1,4,1,2,1,2,1,2,2,1,1,2,1,2,3,2,4, , ,3, ,1,2,1,2,60515,1946,6,1,2,1,2,2,1,1,2,1
010881,1,2,2,1,2,1,5,2,1,1,1,1,1,2, ,2, ,3,3,2,4,4,4,4,4,2,2,2,2,1,1,1,1,4,1,1,3, ,3, ,3,2,3, ,60148,1958,4,1,1,1,1,1,2,1,1,1
011020,1,2,2,2,2,1,5,2,1,1,1,2,1,2, ,2, ,4,2,1,1,1,1,1,2,2,3,1,1,2,2,2,2,5,3,6, ,10,2,9, ,1,1,1,60174,1947,6,1,6,1,3,3,2,3,3,1
010321,1,1,1,2,2,1,4,2,1,1,1,1,1,2, ,2, ,4,2,1,9,2,3,2,3,3,3,1,2,2,4,1,2,6,2,4, , ,3, ,5,2,1,2,60611,1931,7,1,5,1,2,2,1,2,2,1
010394,1,1,1,1,2,1,5,2,3,1,2,2,1,2, ,2, ,4,2,1,2,3,1,1,1,1,3,1,2,1,1,1,1,6,1,1,2, ,1,1, ,2,3, ,60605,1953,5,5,7,2,1,1,2,4,1,3
010482,1,1,1,3,2,2,4,9,3,1,2,2,1,2, ,1,2,4,4,1,1,2,9,2,1,1,3,3,2,2,2,2,2,6,2,9, , ,3, ,1,2,1,2,60611,1939,6,1,5,2, ,9,1,2,9,1
010560,1,1,1,1,3,1,2,9,1,2,2,1,1,1,2,2, ,4,3,1,2,1,1,3,3,9,1,1,2,2,2,2,1,1,1,1,1, ,4, , ,2,1,2,60616,1923,7,2,2,2,1,1,1,1,1,2
010627,1,1,1,1,2,2,5,1,1,2,1,1,1,1,2,1,1,4,3,2,4,4,4,1,4,1,2,2,2,1,4,2,2,3,3,1,9, ,3, ,9,2,1,1,60612,1940,6,7,9,2,1,1,1,9,1,7
011014,1,2,2,2,2,2,5,2,1,2,1,1,1,1,1,1,1,4,1,1,4,4,4,4,4,4,2,2,2,1,4,2,1,2,3,7, ,10,3, ,1,2,1,2,60617,0,9,4,1,2,3,3,0,1,3,3
005848,1,1,1,1,1,1,2,2,1,1,1,2,1,2, ,2, ,4,2,1,2,4,2,2,2,2,3,1,1,2,1,2,1,6,1,3,3, ,2,5, ,2,1,2,60605,1944,6,1,4,2,1,1,1,2,1,1
006543,1,2,2,2,2,3,3,1,3,1,2,2,1,1,2,1,1,9,9,1,3,2,2,2,2,3,2,2,2,1,9,3,3,3,3,7, ,10,1,1, ,1,1,2,60051,1954,5,1,9,2,3,3,2,9,3,1
010262,1,3,3,2,2,2,4,2,1,1,1,2,1,1,1,2, ,4,2,1,3,2,1,1,1,2,2,2,2,1,2,2,2,4,2,6, ,3,1,5, ,2,1,1,61330,1959,4,1,7,2,3,3,2,4,3,1
010426,1,3,3,2,2,1,5,2,3,2,1,2,1,2, ,2, ,4,1,1,3,2,1,1,1,1,2,1,2,1,4,2,2,5,2,6, ,1,1,5, ,2,1,2,61036,1972,3,1,6,1,3,3,3,3,3,1
010593,1,2,2,2,2,2,1,2,1,2,2,2,1,2, ,2, ,4,2,2,1,2,1,1,1,1,2,2,2,2,4,2,3,2,1,2,1, ,3, ,5,2,1,2,60193,1933,7,1,1,1,1,1,1,1,1,1
010698,1,2,2,3,2,1,5,1,3,2,2,2,1,1,1,2, ,3,2,1,4,4,4,4,4,3,3,2,2,1,2,1,1,4,2,4, , ,1,4, ,1,1,2,60525,1971,3,1,6,1,2,2,3,3,2,1
010716,1,1,1,2,2,2,4,2,1,1,1,1,1,2, ,2, ,3,1,2,3,1,1,2,3,1,3,1,2,1,9,2,2,6,2,1,3, ,1,5, ,2,1,2,60605,1956,5,1,7,2,1,1,2,4,1,1
010801,1,1,1,3,2,2,5,9,9,1,1,1,1,1,1,9, ,4,1,1,2,1,1,2,3,1,5,2,2,3,2,4,2,3,9,9, , ,4, , ,2,1,2,60610,1946,6,1,9,2, ,9,1,9,9,1
011040,1,1,1,2,2,1,5,1,1,2,2,2,1,2, ,9, ,4,2,1,4,2,2,3,3,2,2,2,2,2,1,1,1,5,3,7, ,10,1,2, ,2,1,2,60614,1955,5,1,4,2,3,3,2,2,3,1
010132,1,2,2,2,2,2,5,1,1,1,1,2,1,1,2,1,9,4,2,1,1,2,1,1,2,4,2,2,1,2,4,3,2,2,3,5, ,10,4, , ,1,1,2,60439,1960,4,1,2,1,3,3,2,1,3,1
010205,1,2,2,1,2,1,4,2,1,1,1,1,1,2, ,2, ,2,1,1,1,1,2,1,1,3,1,2,1,1,9,1,1,5,1,3,3, ,1,5, ,2,1,2,60060,1968,3,1,6,2,1,1,3,3,1,1
010277,1,2,2,2,2,1,9,1,9,2,2,2,1,9, ,9, ,2,2,1,3,3,2,3,3,3,2,2,2,2,2,2,1,3,2,6, ,10,4, , ,2,1,2,60015,1971,3,1,5,2,3,3,3,2,3,1
010493,1,2,2,1,1,1,1,2,1,1,1,1,1,2, ,2, ,3,1,1,3,2,2,2,2,1,2,1,2,1,2,2,1,6,2,1,3, ,3, ,1,2,1,2,60133,1943,6,1,1,2,1,1,1,1,1,1
010555,1,2,2,2,2,1,5,1,1,1,1,2,1,1,2,1,1,4,2,1,3,4,2,4,4,3,3,2,1,1,2,1,1,5,3,6, ,9,4, , ,2,1,2,60189,1956,5,1,7,1,3,3,2,4,3,1
010648,1,2,2,1,1,1,2,2,1,1,1,1,1,1,1,2, ,3,3,2,2,1,3,1,1,2,3,1,2,2,4,2,3,2,3,1,1, ,3, ,1,2,1,2,60651,1927,7,2,2,1,1,1,1,1,1,2
010918,1,2,2,2,2,1,4,2,1,1,1,1,1,1,1,2, ,3,1,1,4,2,1,1,1,4,5,2,1,2,1,3,2,3,2,4, , ,3, ,1,2,1,1,60506,1944,6,1,3,2,2,2,1,1,2,1
011050,1,1,1,2,2,3,1,1,9,2,2,2,1,1,1,2, ,4,9,1,1,9,1,1,1,2,5,3,3,1,1,1,1,5,9,9, , ,1,9, ,2,2, ,60610,1968,3,1,7,1, ,9,3,4,9,1
008581,1,2,2,1,1,1,1,9,3,1,1,2,1,9, ,1,1,1,1,1,2,1,1,1,4,1,3,2,1,1,1,2,2,2,2,1,3, ,3, ,9,2,1,2,60706,1943,6,1,1,2,1,1,1,1,1,1
010320,1,1,1,2,2,2,5,2,9,9,2,2,1,9, ,9, ,4,1,1,4,9,4,9,1,9,2,2,2,2,4,3,2,6,3,9, , ,2,2, ,2,9, ,99999,0,9,7,9,2, ,9,0,9,9,7
010736,1,1,1,1,2,2,4,2,1,1,1,1,1,2, ,2, ,9,9,2,4,4,3,1,3,4,1,1,2,1,1,1,1,6,1,2,9, ,1,3, ,1,2, ,60602,1938,6,1,7,2,1,1,1,4,1,1
010905,1,1,1,1,2,1,4,2,1,1,1,1,1,2, ,1,1,3,2,1,3,3,3,3,3,3,3,2,2,1,2,2,1,4,1,1,3, ,4, , ,2,1,2,60614,1979,2,1,1,2,1,1,3,1,1,1
211461,2,3,6,1,2,1,5,9,1,2,1,2,1,2, ,2, ,4,2,2,4,4,3,4,4,3,2,2,2,2,4,2,2,6,3,7, ,3,3, ,3,2,1,2,62521,1950,5,1,9,2,3,3,2,9,3,1
211515,2,3,6,1,2,1,4,1,1,2,2,2,1,1,1,2, ,3,1,2,3,9,2,1,1,3,2,1,1,1,1,1,1,1,2,2,2, ,3, ,1,2,1,2,99999,1939,6,2,2,1,1,1,1,1,1,2
211682,2,3,6,2,2,1,2,2,1,2,1,1,1,2, ,2, ,4,3,1,4,4,4,4,4,4,2,2,1,1,4,2,3,5,1,3,9, ,1,3, ,1,1,2,61866,1980,2,1,6,1,1,1,3,3,1,1
211929,2,3,6,3,2,1,5,1,3,9,2,2,1,2, ,2, ,2,1,1,2,4,2,2,2,2,2,2,2,2,2,1,2,2,1,2,3, ,1,1, ,2,2, ,61821,1958,4,1,9,1,1,1,2,9,1,1
212203,2,1,4,2,2,2,4,1,3,2,1,2,1,2, ,2, ,4,1,1,3,9,1,4,3,4,2,2,2,2,1,1,2,5,9,9, , ,4, , ,2,3, ,60616,1961,4,2,1,2, ,9,2,1,9,2
211401,2,2,5,2,2,2,5,2,1,1,1,2,1,1,2,2, ,4,2,1,2,1,1,1,1,1,2,2,2,1,2,3,2,4,3,6, ,10,2,1, ,2,1,2,60010,1967,4,1,7,2,3,3,3,4,3,1
211654,2,2,5,1,1,1,2,9,1,1,1,2,1,1,1,2, ,3,2,1,3,3,3,2,4,2,2,1,1,1,1,2,1,5,1,2,9, ,1,1, ,2,1,2,60156,1990,1,1,1,1,1,1,4,1,1,1
211768,2,2,5,2,2,1,5,1,1,2,2,1,1,1,1,1,2,2,2,1,1,1,1,1,1,4,4,2,2,1,1,3,3,6,2,7, ,8,1,3, ,2,1,2,60177,1961,4,1,6,2,3,3,2,3,3,1
211903,2,2,5,2,2,2,5,2,1,1,1,1,1,2, ,2, ,4,1,1,4,3,2,2,2,3,3,1,1,1,1,1,1,6,1,3,3, ,1,4, ,1,1,2,60073,1978,2,1,4,1,1,1,3,2,1,1
211996,2,2,5,2,2,3,3,1,3,1,9,2,1,2, ,1,1,4,4,2,9,1,1,4,4,4,2,2,2,2,1,3,2,6,2,6, ,10,1,5, ,2,9, ,60525,0,9,7,9,2,3,3,0,9,3,7
211459,2,2,5,2,2,3,5,1,1,1,1,1,1,1,2,2, ,4,4,3,1,9,1,2,2,9,2,2,2,1,4,3,1,6,9,4, , ,1,1, ,2,3, ,60527,1958,4,7,9,1,2,2,2,9,2,7
211538,2,2,5,2,2,2,5,1,1,1,2,2,1,1,2,1,1,4,2,1,3,2,1,2,2,1,2,2,2,1,1,2,1,3,3,5, ,10,1,1, ,2,2, ,60099,1961,4,1,5,1,3,3,2,2,3,1
211828,2,2,5,3,2,1,4,9,1,1,1,1,1,1,9,2, ,3,1,2,3,1,2,2,1,2,2,1,1,1,4,2,3,2,3,1,3, ,9, , ,2,1,1,60174,1951,5,1,2,2,1,1,2,1,1,1
211921,2,2,5,2,2,2,4,1,2,2,2,2,9,1,1,1,1,3,3,1,3,3,2,2,3,2,3,2,2,1,2,3,2,2,3,7, ,10,1,1, ,2,1,1,60002,1992,1,1,2,1,3,3,4,1,3,1
212053,2,1,4,2,2,2,5,2,1,2,2,1,1,1,1,2, ,3,3,1,1,2,3,4,4,2,2,2,1,2,1,3,1,2,2,1,9, ,2,3, ,2,3, ,60617,1986,2,2,1,2,1,1,4,1,1,2
212298,2,1,4,1,1,1,9,1,1,1,2,2,1,1,2,1,2,1,1,1,4,1,4,4,2,1,2,1,1,1,1,1,3,3,1,2,3, ,3, ,1,2,1,2,60457,1949,5,1,6,1,1,1,2,3,1,1
208851,2,2,5,2,1,3,5,2,1,2,1,1,1,9, ,1,1,9,1,1,4,1,9,4,4,4,2,1,2,1,1,2,1,2,1,2,1, ,4, , ,2,1,3,60045,1952,5,1,1,2,1,1,2,1,1,1
211653,2,2,5,1,2,1,2,2,1,1,1,1,1,2, ,2, ,4,1,1,3,1,9,1,2,9,2,2,1,2,1,1,1,6,1,1,2, ,1,1, ,2,2, ,60610,1941,6,1,7,1,1,1,1,4,1,1
211915,2,2,5,2,2,1,9,1,3,1,2,2,1,1,2,9, ,4,2,1,4,2,4,4,9,1,2,2,1,1,1,1,1,6,3,6, ,10,1,1, ,1,1,2,60046,1969,3,1,7,2,3,3,3,4,3,1
210641,2,2,5,2,2,3,4,1,3,1,2,2,9,9, ,1,1,4,2,1,4,1,2,4,1,1,2,2,1,2,1,1,1,5,3,9, , ,2,5, ,2,2, ,60118,0,9,1,2,1, ,9,0,1,9,1
212036,2,2,5,2,2,1,9,1,1,1,1,2,1,2, ,2, ,4,2,1,4,4,4,2,2,2,2,2,1,1,4,2,2,6,3,6, ,1,1,2, ,2,1,1,60177,1982,2,1,4,1,3,3,3,2,3,1
212200,2,2,5,3,1,1,1,2,1,1,1,2,1,2, ,2, ,4,2,2,4,1,2,1,1,4,2,1,1,1,1,1,1,6,1,1,9, ,1,1, ,2,1,1,60626,1985,2,2,3,2,1,1,4,1,1,2
212329,2,1,4,2,2,2,5,2,1,2,2,2,1,1,1,1,1,1,1,1,4,1,1,1,1,1,5,2,1,1,1,4,4,7,1,1,9, ,4, , ,2,3, ,60616,1952,5,2,9,2,1,1,2,9,1,2
